-- MySQL dump 10.13  Distrib 8.0.27, for Linux (x86_64)
--
-- Host: localhost    Database: decor_retro_admin_bd
-- ------------------------------------------------------
-- Server version	8.0.22-0ubuntu0.20.04.2

/*!40101 SET @OLD_CHARACTER_SET_CLIENT=@@CHARACTER_SET_CLIENT */;
/*!40101 SET @OLD_CHARACTER_SET_RESULTS=@@CHARACTER_SET_RESULTS */;
/*!40101 SET @OLD_COLLATION_CONNECTION=@@COLLATION_CONNECTION */;
/*!50503 SET NAMES utf8mb4 */;
/*!40103 SET @OLD_TIME_ZONE=@@TIME_ZONE */;
/*!40103 SET TIME_ZONE='+00:00' */;
/*!40014 SET @OLD_UNIQUE_CHECKS=@@UNIQUE_CHECKS, UNIQUE_CHECKS=0 */;
/*!40014 SET @OLD_FOREIGN_KEY_CHECKS=@@FOREIGN_KEY_CHECKS, FOREIGN_KEY_CHECKS=0 */;
/*!40101 SET @OLD_SQL_MODE=@@SQL_MODE, SQL_MODE='NO_AUTO_VALUE_ON_ZERO' */;
/*!40111 SET @OLD_SQL_NOTES=@@SQL_NOTES, SQL_NOTES=0 */;

--
-- Table structure for table `failed_jobs`
--

DROP TABLE IF EXISTS `failed_jobs`;
/*!40101 SET @saved_cs_client     = @@character_set_client */;
/*!50503 SET character_set_client = utf8mb4 */;
CREATE TABLE `failed_jobs` (
  `id` bigint unsigned NOT NULL AUTO_INCREMENT,
  `uuid` varchar(191) COLLATE utf8mb4_unicode_ci NOT NULL,
  `connection` text COLLATE utf8mb4_unicode_ci NOT NULL,
  `queue` text COLLATE utf8mb4_unicode_ci NOT NULL,
  `payload` longtext COLLATE utf8mb4_unicode_ci NOT NULL,
  `exception` longtext COLLATE utf8mb4_unicode_ci NOT NULL,
  `failed_at` timestamp NOT NULL DEFAULT CURRENT_TIMESTAMP,
  PRIMARY KEY (`id`),
  UNIQUE KEY `failed_jobs_uuid_unique` (`uuid`)
) ENGINE=InnoDB DEFAULT CHARSET=utf8mb4 COLLATE=utf8mb4_unicode_ci;
/*!40101 SET character_set_client = @saved_cs_client */;

--
-- Dumping data for table `failed_jobs`
--

LOCK TABLES `failed_jobs` WRITE;
/*!40000 ALTER TABLE `failed_jobs` DISABLE KEYS */;
/*!40000 ALTER TABLE `failed_jobs` ENABLE KEYS */;
UNLOCK TABLES;

--
-- Table structure for table `migrations`
--

DROP TABLE IF EXISTS `migrations`;
/*!40101 SET @saved_cs_client     = @@character_set_client */;
/*!50503 SET character_set_client = utf8mb4 */;
CREATE TABLE `migrations` (
  `id` int unsigned NOT NULL AUTO_INCREMENT,
  `migration` varchar(191) COLLATE utf8mb4_unicode_ci NOT NULL,
  `batch` int NOT NULL,
  PRIMARY KEY (`id`)
) ENGINE=InnoDB AUTO_INCREMENT=13 DEFAULT CHARSET=utf8mb4 COLLATE=utf8mb4_unicode_ci;
/*!40101 SET character_set_client = @saved_cs_client */;

--
-- Dumping data for table `migrations`
--

LOCK TABLES `migrations` WRITE;
/*!40000 ALTER TABLE `migrations` DISABLE KEYS */;
INSERT INTO `migrations` VALUES (1,'2014_10_12_000000_create_user_table',1),(2,'2014_10_12_100000_create_password_resets_table',1),(3,'2016_06_01_000001_create_oauth_auth_codes_table',1),(4,'2016_06_01_000002_create_oauth_access_tokens_table',1),(5,'2016_06_01_000003_create_oauth_refresh_tokens_table',1),(6,'2016_06_01_000004_create_oauth_clients_table',1),(7,'2016_06_01_000005_create_oauth_personal_access_clients_table',1),(8,'2019_08_19_000000_create_failed_jobs_table',1),(9,'2020_09_12_071514_create_role_table',1),(10,'2020_09_12_071535_create_permission_table',1),(11,'2020_09_12_071545_create_permission_role_pivot_table',1),(12,'2020_09_12_071556_create_role_user_pivot_table',1);
/*!40000 ALTER TABLE `migrations` ENABLE KEYS */;
UNLOCK TABLES;

--
-- Table structure for table `oauth_access_tokens`
--

DROP TABLE IF EXISTS `oauth_access_tokens`;
/*!40101 SET @saved_cs_client     = @@character_set_client */;
/*!50503 SET character_set_client = utf8mb4 */;
CREATE TABLE `oauth_access_tokens` (
  `id` varchar(100) COLLATE utf8mb4_unicode_ci NOT NULL,
  `user_id` bigint unsigned DEFAULT NULL,
  `client_id` bigint unsigned NOT NULL,
  `name` varchar(191) COLLATE utf8mb4_unicode_ci DEFAULT NULL,
  `scopes` text COLLATE utf8mb4_unicode_ci,
  `revoked` tinyint(1) NOT NULL,
  `created_at` timestamp NULL DEFAULT NULL,
  `updated_at` timestamp NULL DEFAULT NULL,
  `expires_at` datetime DEFAULT NULL,
  PRIMARY KEY (`id`),
  KEY `oauth_access_tokens_user_id_index` (`user_id`)
) ENGINE=InnoDB DEFAULT CHARSET=utf8mb4 COLLATE=utf8mb4_unicode_ci;
/*!40101 SET character_set_client = @saved_cs_client */;

--
-- Dumping data for table `oauth_access_tokens`
--

LOCK TABLES `oauth_access_tokens` WRITE;
/*!40000 ALTER TABLE `oauth_access_tokens` DISABLE KEYS */;
INSERT INTO `oauth_access_tokens` VALUES ('010bd2febe2ab4f78ab20ff5399b66c13355a13399d422d03247bbf90db740e0e73c9d51021c45b4',1,3,NULL,'[]',0,'2021-06-30 16:29:47','2021-06-30 16:29:47','2022-06-30 19:29:47'),('01dd8e84c0af512db738a8553f88edc9a4d6a14f397fc2f955dd5bcd093eeaf6b300aecab731e11f',1,3,NULL,'[]',0,'2021-09-01 04:58:38','2021-09-01 04:58:38','2022-09-01 07:58:38'),('0241845b57750c9f33700ed445aab36138013e27381bb9c53f437c1e1bc47c552582064b65b3f677',1,3,NULL,'[]',0,'2021-11-25 17:40:13','2021-11-25 17:40:13','2022-11-25 20:40:13'),('02eb80900f57efa1061efe6f323bc802bf40c790d93ef5c7937a5c417b3cb23381bde71177ff78ff',1,3,NULL,'[]',0,'2021-12-09 04:19:49','2021-12-09 04:19:49','2022-12-09 07:19:49'),('033f858ee89711f53fcb4d6bfc3060c131184a8c2b0c24999277a073cf9883c2bb7d0749852223e6',1,3,NULL,'[]',0,'2021-12-01 16:50:31','2021-12-01 16:50:31','2022-12-01 19:50:31'),('039490ef6226f6c2603b4531c4e177bbcbe574f40b20a349c1c454d598ccdbc6c583e527349500ef',1,3,NULL,'[]',0,'2021-10-17 08:47:54','2021-10-17 08:47:54','2022-10-17 11:47:54'),('03f98e6a4986a3134382673b6995f7506bc6e760f08bf46e768306a676705f6fb93d9db0d45998bb',1,3,NULL,'[]',0,'2021-09-02 03:49:51','2021-09-02 03:49:51','2022-09-02 06:49:51'),('03fcccda4d732d141bd5f37e389e3e8f7c3c8340e7fbc0cbfbbc933c3ae71a7bf3cffa2666cba884',1,3,NULL,'[]',0,'2021-12-02 12:31:55','2021-12-02 12:31:55','2022-12-02 15:31:55'),('049f913ede05c974acb3e695ab75ca02321fdfe8787aaf0a147caf3bf8a7d2108b59aee65bab52d1',1,3,NULL,'[]',0,'2022-01-03 12:51:43','2022-01-03 12:51:43','2023-01-03 15:51:43'),('04ebe2aeaeb131f97e6b71df757992cea404e69edcf7df0984b5b57d09f60254f297ae7ee5428db7',1,3,NULL,'[]',0,'2021-12-20 07:19:30','2021-12-20 07:19:30','2022-12-20 10:19:30'),('0619f5aa40dcde34ce9d5d94199a284cf5393e6f950a4d5b85ed1992b542bce4d6f3f402cbf611c2',1,3,NULL,'[]',0,'2021-07-30 01:59:55','2021-07-30 01:59:55','2022-07-30 04:59:55'),('065ae4673e7e3d21c924d9ede3a7aa4c25347ce5306e58a4bcdfad1e505325791a8b45ff8e9723ad',1,3,NULL,'[]',0,'2021-09-17 02:55:18','2021-09-17 02:55:18','2022-09-17 05:55:18'),('072ed8da9f92921bb6dfc8c6c43726d3bb05b459a57595a4f8a41ba714afccfcf041bfb335e42962',1,3,NULL,'[]',0,'2022-01-18 08:55:20','2022-01-18 08:55:20','2023-01-18 11:55:20'),('07c3c72efb64b230a018d1eae2e9b832a064a1a5ce2d7187e237cc7bc9492501ff683277e21da5c2',1,3,NULL,'[]',0,'2021-12-17 14:45:28','2021-12-17 14:45:28','2022-12-17 17:45:28'),('083dd93aef857bc534e70857eb425323e166a0b0883fa3fa49baf7b37064a67fd2ce12fcab1097fe',1,3,NULL,'[]',0,'2021-12-18 11:34:56','2021-12-18 11:34:56','2022-12-18 14:34:56'),('087bb29df6136573079aec4737ebf7c1ebd5905a04cf01b34701abbd5fe5f332a4d8f484a2a9e1ea',1,3,NULL,'[]',0,'2021-04-27 15:10:23','2021-04-27 15:10:23','2022-04-27 18:10:23'),('08b16c56cbd0e9f62f7178521a9a818d8a93979936ab544ea572e59dd5e00197f20627f50c994952',1,3,NULL,'[]',0,'2022-01-23 16:19:42','2022-01-23 16:19:42','2023-01-23 19:19:42'),('08eaf6f2aa546858c2398dbbbd10c7d98fb5b9f9b30a3baf209f0098e1f3c13841e6823132df2747',1,3,NULL,'[]',0,'2021-05-10 10:07:31','2021-05-10 10:07:31','2022-05-10 13:07:31'),('08fbab22f34c9db4179041089fc05e519d68303d8147214174603e7ebbe39a3cd79614e2343b9ab3',1,3,NULL,'[]',0,'2021-07-09 05:06:36','2021-07-09 05:06:36','2022-07-09 08:06:36'),('095a9b94baa1724d3420c7c779e981d0bb252b1ec85d69a7bb73dca39eabc378723f09742a745082',1,3,NULL,'[]',0,'2021-04-26 16:20:53','2021-04-26 16:20:53','2022-04-26 19:20:53'),('09b1da82f19216d1ecb5a6ff2f666644afb1ccb45e6584d9d3cbca2f8a33f4526f75925ca4f8ea17',1,3,NULL,'[]',0,'2021-10-31 10:11:09','2021-10-31 10:11:09','2022-10-31 13:11:09'),('09d0a36d3c44751ceea5b6f7f5e7523230f94843a9f0800f2dda33e68b4b177633c952bdc8b50b9a',1,3,NULL,'[]',0,'2021-06-29 12:56:16','2021-06-29 12:56:16','2022-06-29 15:56:16'),('0a970b24ed951e9563e7d70b0f7d9f9161a2196af01f8bb2fd048712c5af2d894b56c93091b6c8f9',1,3,NULL,'[]',0,'2021-11-09 09:36:15','2021-11-09 09:36:15','2022-11-09 12:36:15'),('0ae7ac5d160e431c0b3b8af358493c428d1703450fbaccc596912281845636fe1ea0959b3fe2b2c5',1,3,NULL,'[]',0,'2022-01-18 03:59:06','2022-01-18 03:59:06','2023-01-18 06:59:06'),('0afe2f4204e71ab5e6ae456399deb8320ca8e0394146a4dae680c250b9f7b2d4f251e88c73594126',1,3,NULL,'[]',0,'2021-11-01 05:22:44','2021-11-01 05:22:44','2022-11-01 08:22:44'),('0b647849c0bdd4c46242b6286ce3f95112228e3bc7dbeb29b8c3f9e0ef7767b45214a5752864eb03',1,3,NULL,'[]',0,'2022-01-13 04:34:43','2022-01-13 04:34:43','2023-01-13 07:34:43'),('0b874c8907162709d205e58a0b6d7b74eb98a0b0725cf5821f3b2f09d7bf551baad3c01b66bef5a3',1,3,NULL,'[]',0,'2022-01-10 10:36:49','2022-01-10 10:36:49','2023-01-10 13:36:49'),('0c43cd1c4c12a1c08860c88b12c380c896e934e13870b4dc0a9305a4f51e816da0fcde35e5347f0d',1,3,NULL,'[]',0,'2021-08-14 05:35:54','2021-08-14 05:35:54','2022-08-14 08:35:54'),('0c4b379259ed5b76241f78cee2be2fa3f81c46181892255705c258779040f01d4167f25a9eca0278',1,3,NULL,'[]',0,'2021-11-07 07:04:47','2021-11-07 07:04:47','2022-11-07 10:04:47'),('0c4d829b027de57eb4cd40c0e208615b61754cbcbda5eed85e5c2c64f5ed239a28b6ea95cc772d8f',1,3,NULL,'[]',0,'2022-01-03 09:21:58','2022-01-03 09:21:58','2023-01-03 12:21:58'),('0d25e42e1c0311777b18bf17e2fb04e1f72442343cf5dd0bdacd109ad984743c3a8b7fe59c36cb30',1,3,NULL,'[]',0,'2021-11-10 06:50:56','2021-11-10 06:50:56','2022-11-10 09:50:56'),('0eac005a1f183bbae18af725d7af493307d069f5dc1c6c55fb7e52afe87159c1afc74115577ba5b6',1,3,NULL,'[]',0,'2021-10-07 05:18:41','2021-10-07 05:18:41','2022-10-07 08:18:41'),('0ebfc3d19301a955fddf3ec2fe221453eab8580e267f3f7c9206c998e0b3c163699b766395b2fc69',1,3,NULL,'[]',0,'2021-12-13 13:45:00','2021-12-13 13:45:00','2022-12-13 16:45:00'),('0ee95ef836ba47a41a1eeb819cee391c4dc7acf863e2e2cdd8ea8713418b5a01b6a53f306c58573d',1,1,NULL,'[]',0,'2021-02-09 18:03:05','2021-02-09 18:03:05','2022-02-09 21:03:05'),('0eec3b43c2b42a922d0b2006c3ba159737f51c79031d17eb859bc8590ffe07b8d47dc35ac7daf605',1,3,NULL,'[]',0,'2021-12-15 07:02:54','2021-12-15 07:02:54','2022-12-15 10:02:54'),('1041adf185f3caad6bdd13680564edbc7bde0f812584a1d598a26eb592270354631202ee84e80c0b',1,3,NULL,'[]',0,'2021-09-21 07:55:29','2021-09-21 07:55:29','2022-09-21 10:55:29'),('1071a98ff85109aae393d1c28ce77e581a6773cd28efaf1015164463f1415d544c44a8db781c05cc',1,3,NULL,'[]',0,'2021-09-27 17:47:09','2021-09-27 17:47:09','2022-09-27 20:47:09'),('10854bb8442a508f52636b20b5a1c0b7b4c3fc3dbaeaef0649004bf420cf1077f83bd45471b6b544',1,3,NULL,'[]',0,'2021-06-01 08:46:46','2021-06-01 08:46:46','2022-06-01 11:46:46'),('118c17c41b1e479c5e96933acdbcc4e67d9cd82691bef4e5f69688b9bd10ce27e04099819a99dff5',1,1,NULL,'[]',0,'2021-02-06 06:17:38','2021-02-06 06:17:38','2022-02-06 09:17:38'),('11f830296a38d7852dc3ced88bb92be7ff59613387f4ee6f1e194a0d6f07ade18dc82ff9145be268',1,3,NULL,'[]',0,'2021-12-04 11:21:44','2021-12-04 11:21:44','2022-12-04 14:21:44'),('1207d30213bec2ab0928bbafe4c7a3413c9376de310e221ebd79e4807914088b014e87a8b042858d',1,3,NULL,'[]',0,'2021-06-13 17:44:10','2021-06-13 17:44:10','2022-06-13 20:44:10'),('120aa48bce83f4c19870e268689229700ff68999f2c3d75e6f66a3a017a054d0e8ad883bd39fbaf8',1,3,NULL,'[]',0,'2021-12-06 05:24:00','2021-12-06 05:24:00','2022-12-06 08:24:00'),('12129fac380a8edcb2f8bd5694e742924fd98e98556e49db27f8a27179bf957ac39f199f38747645',1,3,NULL,'[]',0,'2022-01-02 09:01:04','2022-01-02 09:01:04','2023-01-02 12:01:04'),('12643fabb7b49d29e5f19f5fa32fe39ac2f053df7c4801205103f0a3924874abd43c53e3011ad4f3',1,3,NULL,'[]',0,'2021-09-14 03:45:29','2021-09-14 03:45:29','2022-09-14 06:45:29'),('12cefaa4d42c7e9687ec7d6fb825a515d73f6815a339bd88ffd20101ec79100546e300786336693f',1,3,NULL,'[]',0,'2022-01-05 13:04:11','2022-01-05 13:04:11','2023-01-05 16:04:11'),('12f60c8f4e71df4f046e1ea6869a5b7680dad1781ea5dd584db76d57f61010a18be4ff32830d51c2',1,3,NULL,'[]',0,'2021-12-27 04:41:12','2021-12-27 04:41:12','2022-12-27 07:41:12'),('13859dc0e9a920f664e994e4ac73b548627f03e80ee1291d0c0feff0346887b37d2dcf60bb301b1c',1,3,NULL,'[]',0,'2021-10-17 10:22:23','2021-10-17 10:22:23','2022-10-17 13:22:23'),('155b6af3283dd7969e628ae14529a0fc550adc11327b24a960f737578a4b0c11d29da8b9040c56b7',1,3,NULL,'[]',0,'2021-08-31 03:44:34','2021-08-31 03:44:34','2022-08-31 06:44:34'),('15a333a0ccd6d3faa2e03246a4ab9789efe907bb29efa6157921deed90de16173a521c709a5642dc',1,3,NULL,'[]',0,'2021-12-05 07:02:50','2021-12-05 07:02:50','2022-12-05 10:02:50'),('15de4614e6b7b8af0c15bab91a355419fc4d14041e61bd32712dd1339d16170f3b5aeee6160d4bd8',1,3,NULL,'[]',0,'2021-10-09 15:25:00','2021-10-09 15:25:00','2022-10-09 18:25:00'),('16065bc1e63ef45a9fa44bb9e1bc35d73b86702fbad49bd6bc2e4e539f60b9e837bc0df58a8cb309',1,3,NULL,'[]',0,'2021-10-13 05:16:50','2021-10-13 05:16:50','2022-10-13 08:16:50'),('160ff8e90ad92814bbb0e8bcd4ed6b4297067e64cf0498832347f38bf36bdf80cffe2f7743a596b2',1,3,NULL,'[]',0,'2021-11-22 05:17:21','2021-11-22 05:17:21','2022-11-22 08:17:21'),('165301dc393fe4305d85dbe3f40708721993e3e5fecfba0464fceb814859bb0132f1cd6698079fe8',1,3,NULL,'[]',0,'2021-11-29 04:40:41','2021-11-29 04:40:41','2022-11-29 07:40:41'),('16799d3a5afb4b47abb17edefd1166d500350267bbdc9e2db2385b2c32d4a38b131bcd4534311aec',1,3,NULL,'[]',0,'2021-06-01 08:46:43','2021-06-01 08:46:43','2022-06-01 11:46:43'),('170ed08f9e3566f0c13221bda29cf5659cfe1480fbe2d78cbfd9900095cd59c3b868a0f9720cb624',1,3,NULL,'[]',0,'2021-08-31 15:56:37','2021-08-31 15:56:37','2022-08-31 18:56:37'),('1823f392aa2ddb674e420d4c340db29e92fbaa0a7a2b52d71769ba17116f293cd455a90551366b1a',1,3,NULL,'[]',0,'2021-09-27 17:47:04','2021-09-27 17:47:04','2022-09-27 20:47:04'),('192f461cd56cc0fa3bf522762c15503dc86facf2a1f52c97040ae6cb80f443676431eac368846026',1,3,NULL,'[]',0,'2022-01-04 13:47:23','2022-01-04 13:47:23','2023-01-04 16:47:23'),('194fd6dc343d8a02a0ddf18d3d6f18d673dcd9d91dcc9684c33a55a375be60ea67e694f91c6af062',1,3,NULL,'[]',0,'2022-01-25 07:34:46','2022-01-25 07:34:46','2023-01-25 10:34:46'),('197c8c35e8baa2e4cfd017a90db99649fd94d4cc26df382586b4086afc65791eeb054b4272c10cd3',1,3,NULL,'[]',0,'2021-11-28 09:20:56','2021-11-28 09:20:56','2022-11-28 12:20:56'),('1b4d845f4c3cab8729d58eb681bc8ba67262a2ceb3174b7c07e770af34a7ff4c146d399d85bbc232',1,3,NULL,'[]',0,'2021-11-12 06:27:07','2021-11-12 06:27:07','2022-11-12 09:27:07'),('1b892e865bba815d3a7ab0495a0864e3cd88b5d48d267e3998fd9b7d0c915d01811d2722c7d41a57',1,3,NULL,'[]',0,'2021-12-20 05:19:22','2021-12-20 05:19:22','2022-12-20 08:19:22'),('1c7d3d432ddac56606c8ba338639eebe4be569bc790c2ba132e54dad2b5b7184c3224c889e6e22e8',1,3,NULL,'[]',0,'2021-06-01 08:46:44','2021-06-01 08:46:44','2022-06-01 11:46:44'),('1d04defe74ce95e34224687e7202167b54113309ccb849af869d605d9cca133ce9476e130a48354a',1,3,NULL,'[]',0,'2021-11-21 07:22:25','2021-11-21 07:22:25','2022-11-21 10:22:25'),('1d8c1f30270749a0808a52d12380c0c0fe87965eb2137a4797c98a8e0f9d8dcd360ab92b684bd9e5',1,3,NULL,'[]',0,'2021-10-18 16:41:46','2021-10-18 16:41:46','2022-10-18 19:41:46'),('1d9282d620074f4c58fd24ec4c0c13195df9f9772f731c34d6e25058e8ea034473441dc04136783d',1,3,NULL,'[]',0,'2021-05-21 10:36:35','2021-05-21 10:36:35','2022-05-21 13:36:35'),('1e56a01fb0134729d8ebb0069f3e97024b5ef20bf49b80f39bf8a31655832717d6d58cb5d59260de',1,3,NULL,'[]',0,'2021-07-17 14:53:12','2021-07-17 14:53:12','2022-07-17 17:53:12'),('1ec508c5843c65c5053e815dc029544e371571041a469431cebd2876f7bec5ae39a4197c6323eccb',1,3,NULL,'[]',0,'2021-08-13 13:23:10','2021-08-13 13:23:10','2022-08-13 16:23:10'),('1ef9023840fb381ffb356eadebc381510a3f596fdecacafc93dbe0b3c51ab432ad908a067502eb37',1,3,NULL,'[]',0,'2021-12-14 16:54:50','2021-12-14 16:54:50','2022-12-14 19:54:50'),('1f1560ae7fac0e6c9d284525cdeef906caa624e98a246675c7ac42e47f894c88d38a20fe3b36cbfe',1,3,NULL,'[]',0,'2021-10-11 03:42:51','2021-10-11 03:42:51','2022-10-11 06:42:51'),('201abaf4a03380f812c499fec93ae0f63bb6a9521a9a345c845fc7bf7e81e653a139164cc439087e',1,3,NULL,'[]',0,'2021-11-21 07:22:27','2021-11-21 07:22:27','2022-11-21 10:22:27'),('204353b428a14bfa3f00aeb7fb10cb283013a0c8ddc85e37c15661981ce92d85959db4e469b56648',1,3,NULL,'[]',0,'2021-04-27 15:07:53','2021-04-27 15:07:53','2022-04-27 18:07:53'),('207192e988dfd61a596a1ac69c7341b8a914584f1501e0fef43cdc2c974da84e6061be88f8817a82',1,3,NULL,'[]',0,'2021-08-22 05:00:59','2021-08-22 05:00:59','2022-08-22 08:00:59'),('20f9acc132eeef4b9723c7e8a26a2c03e50276272ed6e77dbf4cb2f8210da02c1b8040942dc0fc0b',1,3,NULL,'[]',0,'2021-07-15 05:57:28','2021-07-15 05:57:28','2022-07-15 08:57:28'),('20fac8dd8e459f8a894ae3c3f5fa72b69cfd47ff9213e69c03975a732975257d341b4ad801a80a4f',1,3,NULL,'[]',0,'2021-10-03 05:38:20','2021-10-03 05:38:20','2022-10-03 08:38:20'),('21c876da14d7c116577c5c4726f33b90b32a5c433fd4248b0befa10c4f17fb849013bdeb7af37aaa',1,3,NULL,'[]',0,'2021-05-18 05:23:52','2021-05-18 05:23:52','2022-05-18 08:23:52'),('21fdb4803e9f91712a2c301bbbb93105ac521406e1f2b41a569430abf1e559144a9a21bf83492f0e',1,3,NULL,'[]',0,'2021-08-27 06:30:22','2021-08-27 06:30:22','2022-08-27 09:30:22'),('2207a6f9ed5d83f55a0568a02d9896015fdcd28942c0ad202bdf09bc261c173b3ab798f9048f852e',1,3,NULL,'[]',0,'2021-07-05 06:13:37','2021-07-05 06:13:37','2022-07-05 09:13:37'),('228b196d1a05886fc6c1a5866fbe4b7de3148ca5fe926957da8b4504b04820f5c4a3e028d8a31cd5',1,3,NULL,'[]',0,'2021-05-03 16:04:56','2021-05-03 16:04:56','2022-05-03 19:04:56'),('23969bd8e5fb5ddce530f7becc7489ba5ba92c6eb45811d6adc31d5065dbc82153d9b9c1a7f80a53',1,3,NULL,'[]',0,'2021-11-27 04:55:30','2021-11-27 04:55:30','2022-11-27 07:55:30'),('23c14a3984ffcd2ffcb5542a069fd14c035e5a6759c87aaa6f1c603ce6a81e0e877089edcd14b379',1,3,NULL,'[]',0,'2021-12-13 13:06:43','2021-12-13 13:06:43','2022-12-13 16:06:43'),('23ebf65f1af04dc2c00676d78eb51e54154064623e52e7d93c1446933d30c7d5cc00a73270a80cc8',1,3,NULL,'[]',0,'2022-01-17 08:17:42','2022-01-17 08:17:42','2023-01-17 11:17:42'),('23f5f1699f80bab9bfe8226838ee70ba22809f707ecd180a0b715c27a4dbe68b462465b35c71a28d',1,3,NULL,'[]',0,'2021-09-24 05:32:55','2021-09-24 05:32:55','2022-09-24 08:32:55'),('246c2b5f0584f42ffdd99dbcafc3c3affef2be8d847ade3f70e87fdf346b76fa7aba7a17dc387f84',1,3,NULL,'[]',0,'2021-11-29 15:55:35','2021-11-29 15:55:35','2022-11-29 18:55:35'),('24744f44fc05ffcb04b160520b1ecf7c7c14977dcbc77857e777c9d717f72fd71f3ddc8718a40618',1,3,NULL,'[]',0,'2021-10-11 03:21:33','2021-10-11 03:21:33','2022-10-11 06:21:33'),('24b8cf28d0254815f116b3c8742517283c7214c1d0145363344c838930ed6563613d51ee2f0797e3',1,3,NULL,'[]',0,'2021-12-03 11:26:04','2021-12-03 11:26:04','2022-12-03 14:26:04'),('24e3ed269551e0a284545d5905216eb9f918c318a46b02bb5b3e42817a5a0d3b83875f818e3e6109',1,3,NULL,'[]',0,'2021-11-23 04:22:07','2021-11-23 04:22:07','2022-11-23 07:22:07'),('2553e8f7dd2bb9be6fff0adcca9c24191b754c8c00eb64816543a152ed5051e67eb2ca9465550ac6',1,3,NULL,'[]',0,'2022-01-17 16:04:12','2022-01-17 16:04:12','2023-01-17 19:04:12'),('27515d9dd9dee6f2d8e2dcde461f6599f2ee0a03669937126641994be8a65fd15c48171888f471b5',1,3,NULL,'[]',0,'2021-05-15 10:56:15','2021-05-15 10:56:15','2022-05-15 13:56:15'),('27645032a20cedb76a26864779f7313b530cf66a5638c15c6ddf1fb2599b6faf11c9a095793c1236',1,3,NULL,'[]',0,'2021-12-08 05:29:33','2021-12-08 05:29:33','2022-12-08 08:29:33'),('2784bd74c7cfb26a0ea3047d10585b8cd9669e81c9cddfdbdc6214a5de9af2676a7ac366a913d6c3',1,3,NULL,'[]',0,'2021-09-04 05:37:05','2021-09-04 05:37:05','2022-09-04 08:37:05'),('27d0af39ec100eefd9499862d775740b0dd6f31a80ca43ae4a62dda5b9c4a955c51246af21703cbb',1,3,NULL,'[]',0,'2021-06-15 06:34:54','2021-06-15 06:34:54','2022-06-15 09:34:54'),('285452528054627a16d2bc4081111df4ed3b1b6e276417e139352782f5f610e0ee77993e90930fa9',1,3,NULL,'[]',0,'2021-12-27 05:57:06','2021-12-27 05:57:06','2022-12-27 08:57:06'),('287faaefd7df1179ea6f2275c70dac5b08870f9c7c289311086a24d9fb375f19a5098c10a10d3de9',1,3,NULL,'[]',0,'2021-08-24 07:23:47','2021-08-24 07:23:47','2022-08-24 10:23:47'),('28aa20c1231d62de2844718ea756e228978dbc02b21832999197741419b1dc77171a06843d8f471e',1,3,NULL,'[]',0,'2021-06-17 07:19:17','2021-06-17 07:19:17','2022-06-17 10:19:17'),('28d39a6d167a4468f476703063e32ef062a6bd60ec9017510fe73d9306c884e9febc5cd45ed9c7d0',1,3,NULL,'[]',0,'2021-06-07 04:10:07','2021-06-07 04:10:07','2022-06-07 07:10:07'),('298d883c5b35c85b4e7ba7dc1b0284794e6a016e372ed4ed1b5e28b1ce758fe1d3f224bd84e6926b',1,3,NULL,'[]',0,'2021-11-22 14:33:01','2021-11-22 14:33:01','2022-11-22 17:33:01'),('299e8d051239edd91ad0cfbc29746cf6c6c15cfd0d4da4e6e5893057ebfc700aa234f8cf6e4404a6',1,3,NULL,'[]',0,'2021-05-19 06:45:45','2021-05-19 06:45:45','2022-05-19 09:45:45'),('29c7f2f6aecdb434ec2c8c4908977e0f059dee3e2d786c2d9a7a1c652ba7c650531c41962fb95910',1,3,NULL,'[]',0,'2021-04-14 13:24:10','2021-04-14 13:24:10','2022-04-14 16:24:10'),('2bb4c9c0907ee1392a2d088c35079139257ec871d36225030856fe755d28d44571933eefae801160',1,3,NULL,'[]',0,'2021-04-08 17:07:12','2021-04-08 17:07:12','2022-04-08 20:07:12'),('2c1f3d0141dacbe5e295dc91ff857b6ffccfbba7d1b021b4b06129f8732236818b6c6bfee0050ec8',1,3,NULL,'[]',0,'2021-10-04 16:31:00','2021-10-04 16:31:00','2022-10-04 19:31:00'),('2ca40063c19dc076d312a985da2c4e33fe7f9cdcb5bccd330c947525959c3f410bd53e83dba8edfa',1,3,NULL,'[]',0,'2021-05-23 04:01:38','2021-05-23 04:01:38','2022-05-23 07:01:38'),('2cada451d396fc5e477622818c65acc1b0fb696c706145d90d220eec02e3ee7e6c83b3c411aa139e',1,3,NULL,'[]',0,'2021-12-02 18:29:54','2021-12-02 18:29:54','2022-12-02 21:29:54'),('2cc629929f7ba52929e84bd7478d7480e3496188613a47791f4c6aad5b375a47a0a2bb0cdd305c45',1,3,NULL,'[]',0,'2022-01-21 16:25:41','2022-01-21 16:25:41','2023-01-21 19:25:41'),('2cf7d835b665c46edab8b7b50bd6b68c868fee996c3ee3419d31528e4b6cc5c1d13a2d2ed3719e7a',1,3,NULL,'[]',0,'2022-01-23 06:03:30','2022-01-23 06:03:30','2023-01-23 09:03:30'),('2e25c4a8a98166b590089c26bc8837dde4f1e7100cd94836664b3b2ea1d4d583af882e2e5beec23d',1,3,NULL,'[]',0,'2021-11-21 11:15:44','2021-11-21 11:15:44','2022-11-21 14:15:44'),('2ec5997e78d2d8279e5e70057f29d54433886e9dd500a6b516c504ee266f7085db4f1ef9f4f31592',1,3,NULL,'[]',0,'2021-07-20 02:00:12','2021-07-20 02:00:12','2022-07-20 05:00:12'),('2f386300620537cfda2f26dc80871cf53af751aeda1a5f9fcb0e8d87309976c0717678d06af4669d',1,3,NULL,'[]',0,'2021-11-11 06:23:57','2021-11-11 06:23:57','2022-11-11 09:23:57'),('2f6f1d02b68413c14f574a21674419dec62825625d3222cbc8313ec7c32574e766dc29b91511361c',1,3,NULL,'[]',0,'2021-06-06 15:31:19','2021-06-06 15:31:19','2022-06-06 18:31:19'),('30518f06a93d428e71c96840ffa6a72b6ba0609ddd18808b5e6c2fee4afcfa32d437aebc5044cfb9',1,3,NULL,'[]',0,'2021-08-27 13:23:23','2021-08-27 13:23:23','2022-08-27 16:23:23'),('30795c7d75ccbf6183d09b605d94b347a65d45379e5fb1c2245bee6ca62c9e31d56b99cc6410ebbd',1,3,NULL,'[]',0,'2021-11-04 15:39:39','2021-11-04 15:39:39','2022-11-04 18:39:39'),('3088f9365cded24e2c88b41bb48ae77fd86619da0b9fef83324a9afb5b65990d1941c20127219746',1,3,NULL,'[]',0,'2021-04-19 08:33:02','2021-04-19 08:33:02','2022-04-19 11:33:02'),('30c5561c038ca6d51d8a130bd21aa065aaee8123b5e890d78308edf5050670acd7d887636bba40aa',1,3,NULL,'[]',0,'2022-01-14 15:08:18','2022-01-14 15:08:18','2023-01-14 18:08:18'),('30c8f3846aec9647aacd5b8e237e632a696e87c25bc8fae7c3359605c40400f4c0714c676742955f',1,3,NULL,'[]',0,'2021-11-08 08:44:40','2021-11-08 08:44:40','2022-11-08 11:44:40'),('312bf30d3d25f83f3dfaacd583cddfbda0555594208520d51d4520eb672a4654c582aaa3f1422c39',1,3,NULL,'[]',0,'2022-01-23 17:26:18','2022-01-23 17:26:18','2023-01-23 20:26:18'),('31b8db015fb88d8d681979054859b876e10b095296e65a0eb51c7be31797de89800424f038cc1bdd',1,3,NULL,'[]',0,'2021-12-02 05:55:44','2021-12-02 05:55:44','2022-12-02 08:55:44'),('31ba59da60bcd79e89d6f6b019c72af4148be4c0459eff20d28d3f0efc9dcf5d02a83a4f192c0287',1,3,NULL,'[]',0,'2021-10-20 14:12:02','2021-10-20 14:12:02','2022-10-20 17:12:02'),('31e852515a3a4ca26cca9447a8da047d7ce8ba1484c1ed4c989d1e936e448b8f83345d0fa389ce00',1,3,NULL,'[]',0,'2021-10-20 04:07:26','2021-10-20 04:07:26','2022-10-20 07:07:26'),('31e8b5c73b68efa31ba922da16154f6818c3d79ff6b8e8f8621ef77eb09c70c4012c37e13a608488',1,3,NULL,'[]',0,'2021-10-03 03:47:02','2021-10-03 03:47:02','2022-10-03 06:47:02'),('322a0df595d472cb0bc2db6fa05b432d27cbf86ba6619188eeef7a72d8fe03be38764fb996401791',1,3,NULL,'[]',0,'2021-05-04 14:20:31','2021-05-04 14:20:31','2022-05-04 17:20:31'),('323ce0f1fe34f7f9ed9250c2e65118af366eab615ba36b8bf568480675e07d269e081820b8502d2c',1,3,NULL,'[]',0,'2021-09-29 17:31:57','2021-09-29 17:31:57','2022-09-29 20:31:57'),('329325f718a1a24a1195fe432a35f622a1acebfc9aa6d672195e8a6edfc9c8050298a21375f517cc',1,3,NULL,'[]',0,'2021-09-25 08:54:22','2021-09-25 08:54:22','2022-09-25 11:54:22'),('32b37c7f6901ec95b3d0410ed8b574f64730e14cb28580bbff1883e0bd51bc092df654ad7319257f',1,3,NULL,'[]',0,'2021-05-12 07:55:45','2021-05-12 07:55:45','2022-05-12 10:55:45'),('336ae5f93637a3ca6a9ae024f62f0bdc95c985ccde3f6e14b98bddee4614c6a3876c98649ffd9afd',1,3,NULL,'[]',0,'2021-12-07 05:22:49','2021-12-07 05:22:49','2022-12-07 08:22:49'),('342b4f2f3480384abffa1ce15dd282f08daac38629a4c0a64620cd8905ca8e65ec05c7818a0019cf',1,3,NULL,'[]',0,'2021-11-16 13:39:52','2021-11-16 13:39:52','2022-11-16 16:39:52'),('34447dcc061297af83136e3ceef3d03d13001adad4746bd28e256a7390e19ab3db00e568ad84786b',1,3,NULL,'[]',0,'2021-07-06 06:35:38','2021-07-06 06:35:38','2022-07-06 09:35:38'),('34961d2c2cae8088f6b04adfc2a823c3bbadaff03109824c9694be35702e47b724b8a5d489a7f990',1,3,NULL,'[]',0,'2021-05-06 07:09:35','2021-05-06 07:09:35','2022-05-06 10:09:35'),('353b0424a3a7f58b22156130be4cbd52093898dee833d5f7b2b18f9713aea2df1e19cbd57a34a7a2',1,3,NULL,'[]',0,'2021-12-13 15:27:51','2021-12-13 15:27:51','2022-12-13 18:27:51'),('363be9c32dd5b2bcf2be4437400a4d97cddd9cd32abf1f0e1525517a7f97b8d32e9e10fd271c1206',1,3,NULL,'[]',0,'2021-10-26 05:23:20','2021-10-26 05:23:20','2022-10-26 08:23:20'),('36f972083bc13c2853e1c62d12bf1bc84a08db76b8a6efacc5741ac2de29a71db242a7a79bb892aa',1,3,NULL,'[]',0,'2021-12-11 07:27:57','2021-12-11 07:27:57','2022-12-11 10:27:57'),('37b4c108f3f4d7bb0d38f6efe3160f5194516939904d5aaee8952b218bcd491586e570b61ec4b9b7',1,3,NULL,'[]',0,'2021-10-29 06:18:50','2021-10-29 06:18:50','2022-10-29 09:18:50'),('3829956930f85c1550e34cc6810d32d3ab0fc24cfbff38b57110fbfdabaa67031c932a2534c5c4d2',1,3,NULL,'[]',0,'2021-12-30 13:42:06','2021-12-30 13:42:06','2022-12-30 16:42:06'),('39079928401603078082b0cf26e3df6840cf07040581fccde5ca353dccda14ab4aa2ffbcfafb92d8',1,3,NULL,'[]',0,'2022-01-01 08:11:18','2022-01-01 08:11:18','2023-01-01 11:11:18'),('39db1918edfcc7bc3dc0d9a772651ac0b136459c7872bec2928b3f992c2851b94daa6167d17d2eed',1,3,NULL,'[]',0,'2022-01-15 10:57:13','2022-01-15 10:57:13','2023-01-15 13:57:13'),('3a74086705de21d84a61ec501d6f738fec18e531658773f8b9776f5995c19ba323de6d73bc14f133',1,3,NULL,'[]',0,'2021-09-02 11:45:38','2021-09-02 11:45:38','2022-09-02 14:45:38'),('3beb8f9adebe3286d36d8a12261b8cd13a2b281a5706903ac2abd44dd8939a21e69b692868cda68d',1,3,NULL,'[]',0,'2021-11-12 16:06:39','2021-11-12 16:06:39','2022-11-12 19:06:39'),('3c6dd1730dc4600e15097bc09237dd22ae2b69aa0e284688cba9dc539089df6a71b123caea906a40',1,3,NULL,'[]',0,'2021-10-31 14:40:24','2021-10-31 14:40:24','2022-10-31 17:40:24'),('3cf60cd97014d7459727d0e8dcf873fa2ea8d507ce7d2628a33ff3d5f1a6e660e99e3f7b22d9c0c9',1,3,NULL,'[]',0,'2021-08-06 08:14:02','2021-08-06 08:14:02','2022-08-06 11:14:02'),('3d71235153fac676a57f2dc559d4ac99d2406358bec638cd94f00a48b84c4ead5514b4e054af7112',1,3,NULL,'[]',0,'2021-12-24 05:25:19','2021-12-24 05:25:19','2022-12-24 08:25:19'),('3dbf48a810cfdc4a34547626036065d1d87c32e62217cd59f44583064870fcd0f9e6a0ead4350e72',1,3,NULL,'[]',0,'2021-05-29 13:45:33','2021-05-29 13:45:33','2022-05-29 16:45:33'),('3e1e06df60b5b904ea541c9637051e49cc96256d4ee70c6ec90c5a6de32fb92a8ac00b2b09077254',1,3,NULL,'[]',0,'2022-01-03 13:17:16','2022-01-03 13:17:16','2023-01-03 16:17:16'),('3e351191289c9055cb1e4bde5b9f1fc6ad8140ceb588ce76be484240abe2f72ebfc0226c2af14284',1,3,NULL,'[]',0,'2021-11-17 06:30:52','2021-11-17 06:30:52','2022-11-17 09:30:52'),('3e50275231c56522d70ca05e83b59ee93a0b56dcd0feacb8620f65311895e2e5711216c5e065f9f7',1,3,NULL,'[]',0,'2022-01-11 17:38:15','2022-01-11 17:38:15','2023-01-11 20:38:15'),('3f0060a68c805ac1a142d70da4aa0b122e2404e4e356ec30b000af78f594a625682fad9a2d87c8f4',1,3,NULL,'[]',0,'2021-10-08 06:09:29','2021-10-08 06:09:29','2022-10-08 09:09:29'),('4133fa1a2623ba276c7067f72ea33949d37cdf0101ef99323d985271cf9fa76d1c1bbc64a3136188',1,3,NULL,'[]',0,'2021-12-09 14:51:49','2021-12-09 14:51:49','2022-12-09 17:51:49'),('415f99e986142d3ea068ea27404a5ba9ac551ef4efd65388c66de254ee231e3a1ecd2d4c16445d04',1,3,NULL,'[]',0,'2021-11-08 15:44:25','2021-11-08 15:44:25','2022-11-08 18:44:25'),('4165ad5022b1746eed72a2c47bbce5b9948cfbd17b1f6acdb3d652857fce1d29d7dcf161eb490658',1,3,NULL,'[]',0,'2021-12-26 04:24:17','2021-12-26 04:24:17','2022-12-26 07:24:17'),('426105d2955731d625912e99c39360b19d456f1068a8f4c83a1ebe586b1d63bae5d5a1b070b0899b',1,3,NULL,'[]',0,'2021-10-12 09:21:16','2021-10-12 09:21:16','2022-10-12 12:21:16'),('439ac8bad426ffe9109cf4507b014513c93d8d09bf1b1f4db0aa1e2deb39c5b6fb71c95310cab3aa',1,3,NULL,'[]',0,'2021-06-03 07:18:30','2021-06-03 07:18:30','2022-06-03 10:18:30'),('43bffafca24ea1a84b199e0e608ffda00983173a9c8710ce5007ebf9d7873b7c77ec7cf425f113ff',1,3,NULL,'[]',0,'2021-09-21 15:24:13','2021-09-21 15:24:13','2022-09-21 18:24:13'),('4403b30cdea54b4dae7176f4fd76624eb040a3dff496f2b62bd063d81260beb599a6ab04e17579cc',1,3,NULL,'[]',0,'2021-08-12 05:55:56','2021-08-12 05:55:56','2022-08-12 08:55:56'),('446f93199c514cdb48592e34d5b4c04fd1888750623db7315981abe125cb54b9193d92291251be0b',1,3,NULL,'[]',0,'2021-11-11 15:21:58','2021-11-11 15:21:58','2022-11-11 18:21:58'),('4477ddb2aec39cf378f8afd706570b04c461098dfaccb6cf8a65444a9ab8255e2bf1a3abdd9f9b92',1,3,NULL,'[]',0,'2021-11-28 13:58:20','2021-11-28 13:58:20','2022-11-28 16:58:20'),('44e99b692e9aec840a5819ed530a2d704238c27dd4f35f4a1f89895fd2851e816f72e2b852f1b810',1,3,NULL,'[]',0,'2021-10-28 23:23:20','2021-10-28 23:23:20','2022-10-29 02:23:20'),('458ed749b19c3c4adce3bd3fb36e7001f12a66be5407f6cec9a7ca476eaab03931172baef0c097be',1,3,NULL,'[]',0,'2022-01-11 06:33:14','2022-01-11 06:33:14','2023-01-11 09:33:14'),('45c8c4ebc24aae06944e49b2bd62b194c0c074d534dc7f380ef017433baaa431bedeca35a2f96429',1,3,NULL,'[]',0,'2022-01-02 19:12:10','2022-01-02 19:12:10','2023-01-02 22:12:10'),('4704339e5896a4ed5180d069465d54d9980002ebef5576fb0ac0d381654951415f89e4b713e0809e',1,3,NULL,'[]',0,'2021-12-06 08:40:13','2021-12-06 08:40:13','2022-12-06 11:40:13'),('47101a270ae464c1cd9120fc4e5498472583179421a3a71a0cd5c97571aae36e5f3a1e5a14d83fce',1,3,NULL,'[]',0,'2021-07-14 10:23:49','2021-07-14 10:23:49','2022-07-14 13:23:49'),('47b4046c1bea50cb8c2a246fd98102dda71c728b39bc4cfbdee99185885d5da0b0bf3ae3b104af44',1,3,NULL,'[]',0,'2021-07-05 13:30:19','2021-07-05 13:30:19','2022-07-05 16:30:19'),('47c192faa716f0d924be5e605779f9b96f4b4bc8052b7537abeb57127c9dc1f1cd840b3e71044ce6',1,3,NULL,'[]',0,'2021-11-01 09:16:27','2021-11-01 09:16:27','2022-11-01 12:16:27'),('47def0666b5c7a9631cdd2d65f77cc0e3b11c253efcc4b00363d70e9f5a930d5affb1d702a18229b',1,3,NULL,'[]',0,'2021-06-03 08:05:08','2021-06-03 08:05:08','2022-06-03 11:05:08'),('4809c197854a0b3bacd654b6397637b7664221080babbfcf484045a68f544a22ccf531514c4c3f9c',1,3,NULL,'[]',0,'2021-10-08 08:47:14','2021-10-08 08:47:14','2022-10-08 11:47:14'),('4997c0f087f25ad927dd097541e4cd4bf28a919d619419477a0922cb7ae7dce3534cd1a9e11233b4',1,3,NULL,'[]',0,'2021-08-10 13:22:04','2021-08-10 13:22:04','2022-08-10 16:22:04'),('499acb3dd92fcd96d8f90d0973f345bf75075cf6309e9a0c4890fc2cf39b8398e37b704701ffa81f',1,3,NULL,'[]',0,'2021-12-06 09:13:13','2021-12-06 09:13:13','2022-12-06 12:13:13'),('4a274c5888f71ae0c128f1c53c795aa4f1350365dfbecb216c7ae027a67cf39f21b69f81aaff80ad',1,3,NULL,'[]',0,'2021-07-26 04:25:52','2021-07-26 04:25:52','2022-07-26 07:25:52'),('4b1a1e1db9f9c2e397e730a7a7a4db1179130725436b8fbb8c2dc58a24579bedfa2a66d37cf59b26',1,3,NULL,'[]',0,'2021-11-14 10:58:00','2021-11-14 10:58:00','2022-11-14 13:58:00'),('4c33e524c84a9c03594583e0bccabc170919bf4fdbe2f148a5fc732d84591c0e88164fcfd1282966',1,3,NULL,'[]',0,'2021-11-15 07:25:28','2021-11-15 07:25:28','2022-11-15 10:25:28'),('4dd7a43b7f493b7dc13bc78dd6621f95d5ab6ba08f8327377a9182af32ebe39857da72032cf584c9',1,3,NULL,'[]',0,'2021-10-27 07:01:05','2021-10-27 07:01:05','2022-10-27 10:01:05'),('4e2f7461416f5f42eb6743b53fa471950091abe9bd66252d1fb3a1c7501ea8b4750b665e915ffa93',1,3,NULL,'[]',0,'2022-01-25 04:10:42','2022-01-25 04:10:42','2023-01-25 07:10:42'),('4e4e6cf3cc8bffcc9f9b6b25e09daa4ab92f7b78ea13c54b0f8d207558d77b6c0f376177b96940b8',1,3,NULL,'[]',0,'2021-06-23 09:16:26','2021-06-23 09:16:26','2022-06-23 12:16:26'),('4e6eb1b49286786f7661c6b240c3cc339d179be31a5b7ec5e67ed1a3adde90490b88fc5d73506a83',1,3,NULL,'[]',0,'2021-11-18 04:48:10','2021-11-18 04:48:10','2022-11-18 07:48:10'),('4eb87c48faff829cc4bfad94ed638b5088b6aaa391a5774cd883e653cabb96afcd8baee0a61f89f1',1,3,NULL,'[]',0,'2021-10-17 08:48:04','2021-10-17 08:48:04','2022-10-17 11:48:04'),('4eca958f4eb7723a0e4693ff0c9891d247a38ec8cc53d448c09006649bd1c3e87b04496389d675e3',1,3,NULL,'[]',0,'2021-12-19 10:39:14','2021-12-19 10:39:14','2022-12-19 13:39:14'),('4f2b4765c8c98533489fe34d4fddcf2acc33369a989ccdfa8a7a8a7dba2c46daacce1f320a9be4df',1,3,NULL,'[]',0,'2021-04-14 13:14:55','2021-04-14 13:14:55','2022-04-14 16:14:55'),('5032c284751a8396d28b31156804a6e0d40078c070ff5e80d8c3e4699e2c1ba6b10fc6101afc2ca6',1,3,NULL,'[]',0,'2021-10-23 05:01:39','2021-10-23 05:01:39','2022-10-23 08:01:39'),('50527f301c28f4ea070e8bffa4530e2296a7a90a46a2cc19f4f841f6711fe52f7f3f3ff3ddf8e1bf',1,3,NULL,'[]',0,'2021-11-11 14:00:57','2021-11-11 14:00:57','2022-11-11 17:00:57'),('50bb21be3de78dc7305d4de7a9a2ed75e3c6d09a46c621062647da65a39c1eb68573438453b06b4a',1,3,NULL,'[]',0,'2022-01-09 12:00:57','2022-01-09 12:00:57','2023-01-09 15:00:57'),('525a40ee80664b3f5e0a350477ea02c80aa426a5fb5fbbf7aec89b218f376ec689eb7050531bd9e2',1,3,NULL,'[]',0,'2021-07-16 08:20:25','2021-07-16 08:20:25','2022-07-16 11:20:25'),('526a66d5ce56e839f43cbcaf201af17063965f712e24623e50c9001a86506d2bd2accd19f93b39bb',1,3,NULL,'[]',0,'2021-07-01 03:16:38','2021-07-01 03:16:38','2022-07-01 06:16:38'),('529ae777d265917a1f30a2a6129ae0dd3a315dc9ad7b845537030ba68c692487da5c11ca105ece11',1,3,NULL,'[]',0,'2021-08-11 05:11:57','2021-08-11 05:11:57','2022-08-11 08:11:57'),('52c671bd9450b1ab3ab969b7c1a5131c65a57012e9389666e839237f35c7449af161841662682b40',1,3,NULL,'[]',0,'2021-12-07 04:49:07','2021-12-07 04:49:07','2022-12-07 07:49:07'),('531b15d1c8f9759efc38be6b91dff50d6cd71faf8d2e387e4a95ef7012e8235f60958974dce3525e',1,3,NULL,'[]',0,'2021-07-26 15:24:58','2021-07-26 15:24:58','2022-07-26 18:24:58'),('538ca2f57e89c3c29e0370c84d4d67dde816d8620ac99d37083a24331e1d15472de99e7720170ef4',1,3,NULL,'[]',0,'2021-10-22 13:10:13','2021-10-22 13:10:13','2022-10-22 16:10:13'),('53e4a4696d7abe9defe1a3d8de5ad7170327e37ad43eda872de7f8d2a268daeee90d3e22d99e4536',1,3,NULL,'[]',0,'2021-10-21 05:05:39','2021-10-21 05:05:39','2022-10-21 08:05:39'),('54447fb6ff7d8155f37d87effd1dfdb93f21e3185ff546578b9de3810d3aed7bde76313297c0eda2',1,3,NULL,'[]',0,'2021-05-04 15:06:48','2021-05-04 15:06:48','2022-05-04 18:06:48'),('5471a62ca59b4d064bdebc929631535c0dc0a6eff61a41a8000ebfc2ce1dc117bb5cb90d07de3d55',1,1,NULL,'[]',0,'2021-02-09 16:47:31','2021-02-09 16:47:31','2022-02-09 19:47:31'),('55dbe135cd277c1bc2d81fd52f652dd0c6d071fe2524082e27747ce12960f3af19f9670cf75b147c',1,3,NULL,'[]',0,'2021-11-25 05:22:18','2021-11-25 05:22:18','2022-11-25 08:22:18'),('55e344c6a9f5b300250faf8b8e2ea58a75cf3e11c4c70918c36f5920da601a372e5c7f9cca228c5d',1,3,NULL,'[]',0,'2022-01-15 05:40:33','2022-01-15 05:40:33','2023-01-15 08:40:33'),('563b3a709aa55f8387e30f58d1ae785e9419b6d734f6564585dffc31f52048880c8d1a04c34c6acf',1,3,NULL,'[]',0,'2022-01-02 09:01:05','2022-01-02 09:01:05','2023-01-02 12:01:05'),('5690e287e05f756498983bb00ad074c31c3838ffaf61ad15294a977bccfb622ddb441d1c1631d59e',1,3,NULL,'[]',0,'2021-11-18 05:13:08','2021-11-18 05:13:08','2022-11-18 08:13:08'),('56b8c904156bc5fbc1123220285eb56661183944e8b75970102210c1d1270c763ac7f357f2b40a20',1,3,NULL,'[]',0,'2021-12-04 15:52:48','2021-12-04 15:52:48','2022-12-04 18:52:48'),('56c7a1541e982b65901c7ff410a7d0a18e713cfd4550f11ec58ed76ecfe2d4c4573ed7325acb7249',1,3,NULL,'[]',0,'2021-07-28 12:26:01','2021-07-28 12:26:01','2022-07-28 15:26:01'),('576d107107b84457e1a4de92e2a50d4c3df43201ba9b5f95e45694f68795fe997cf5d1f6e2e17a83',1,3,NULL,'[]',0,'2021-09-25 13:29:06','2021-09-25 13:29:06','2022-09-25 16:29:06'),('57a4aa86d44abf0e03fb3efb33ec40c75cca8bfce11dcf481725ca4913b6e817ada95d547769b9ed',1,3,NULL,'[]',0,'2021-12-06 10:02:36','2021-12-06 10:02:36','2022-12-06 13:02:36'),('57ed47dd7348eb00e3a2c99ad0dff71b88bacf59b28ec46093bfb93e4ed9c6f4cd6ce7afea94c810',1,3,NULL,'[]',0,'2021-10-21 15:13:18','2021-10-21 15:13:18','2022-10-21 18:13:18'),('583dc4e674a5a4e5c818dad1d62f17906cb81c4132723d22941210916dec93a1722398daf2c03b9c',1,3,NULL,'[]',0,'2021-11-03 07:39:57','2021-11-03 07:39:57','2022-11-03 10:39:57'),('58a5c38b31d03f434164d819a648c2cadef258c74ac83a5847fd621df22fa973f4c11962f693b472',1,3,NULL,'[]',0,'2021-09-25 07:03:52','2021-09-25 07:03:52','2022-09-25 10:03:52'),('599f2808ff1ddbe9a2dd8076e59cc3c6a67929a50db57f4f0d140614515ecfc6421d677ae9ba78d5',1,3,NULL,'[]',0,'2021-04-29 08:24:02','2021-04-29 08:24:02','2022-04-29 11:24:02'),('59c00fd8d9b0693c3d974a90943dd632f34fcfc6f3d5f7e13c591b0a14a86cd0b83cc9b792ba7a8b',1,3,NULL,'[]',0,'2022-01-01 09:07:18','2022-01-01 09:07:18','2023-01-01 12:07:18'),('59d29821598b201b17abca10a642303233b9951a30010e8e1acd73400b792803451f1b9ac45bc3f7',1,3,NULL,'[]',0,'2021-12-25 09:27:11','2021-12-25 09:27:11','2022-12-25 12:27:11'),('59fc2e5a8da9f99fd1af31681a0fd549156956864008d97c5a9ef19f6080b05c5d74a0bf33bc1f6a',1,3,NULL,'[]',0,'2021-11-24 16:19:30','2021-11-24 16:19:30','2022-11-24 19:19:30'),('5a52049144d65c5df447b532f7dea7602891835b4f4a39f2fd47ca1ee1f4c200deda514d4fc83ed3',1,3,NULL,'[]',0,'2021-07-29 04:31:19','2021-07-29 04:31:19','2022-07-29 07:31:19'),('5a922bac4919fa3dedbaf008b37e00827c673de4cfab040948d38246522155a0a7bc0d7d97b921a9',1,3,NULL,'[]',0,'2022-01-01 08:44:52','2022-01-01 08:44:52','2023-01-01 11:44:52'),('5b5258c39c334c883ac20ceeeb6f20a8a69c06eea381a1eb130a12b963a28e7ddd04d4f3dd4dae05',1,3,NULL,'[]',0,'2021-12-16 15:16:31','2021-12-16 15:16:31','2022-12-16 18:16:31'),('5b958f58d11e754af2a143effcb0ba7ee41e19595b4a815e0da2be4e7c3c92307394c34ca8d475c2',1,3,NULL,'[]',0,'2021-08-06 11:55:32','2021-08-06 11:55:32','2022-08-06 14:55:32'),('5c6d79959d5bdfa8f0112c272476aa9227247e607f3c6773f987cabdb3bd0f3127d2cbd30b5273fe',1,3,NULL,'[]',0,'2021-06-08 07:07:40','2021-06-08 07:07:40','2022-06-08 10:07:40'),('5c842b9a1f496415aafc8480115ff16ad7a230ac3e4daf89a3f6994624f56e2e5b4bf8f714d24199',1,3,NULL,'[]',0,'2021-12-24 08:05:38','2021-12-24 08:05:38','2022-12-24 11:05:38'),('5cd39a0b74f84382cdd78e71e0c077f5f1b6c3c6f2000c35c36141646107d804c68955b7ace93690',1,3,NULL,'[]',0,'2021-12-10 03:35:06','2021-12-10 03:35:06','2022-12-10 06:35:06'),('5d3a527ab9194e1e410ef5a961c8ab251111b8788b643b5e84972b0d97f831bf383903925d7c3562',1,3,NULL,'[]',0,'2021-11-21 10:55:01','2021-11-21 10:55:01','2022-11-21 13:55:01'),('5defeb53e14ccf72e85a0c5ec92857a5692628f0280c7a69200cc2bfdb67a1658fc34d65179e5530',1,3,NULL,'[]',0,'2021-08-11 16:08:05','2021-08-11 16:08:05','2022-08-11 19:08:05'),('5e3c2e2cf0df236a41fcd2071694bdc019978e793ee2a2d6fee28dafd19605bb79e8908162a10246',1,3,NULL,'[]',0,'2021-12-14 05:13:10','2021-12-14 05:13:10','2022-12-14 08:13:10'),('5f1da1a83421f4066b2af1830933c92afd8ffd2cdabec348b73167e09f0ead7a0e57e0ab7cfddacf',1,3,NULL,'[]',0,'2021-10-25 06:45:28','2021-10-25 06:45:28','2022-10-25 09:45:28'),('5f910c94122774c5244211ad3723269c98447ebba4db64531a5971c42ff20c48d9392def38ff98ce',1,3,NULL,'[]',0,'2021-12-26 07:17:03','2021-12-26 07:17:03','2022-12-26 10:17:03'),('5fc80c24adbac4b54f645d4334c4b19b496f98c26435bbe7865591a6dfa7df42081893d0d106b3fa',1,3,NULL,'[]',0,'2021-12-25 04:02:14','2021-12-25 04:02:14','2022-12-25 07:02:14'),('5fdd5bb926c7c16e85d2d78ca09ee38525610185a49e4f1868b2551bbee3c40e710b7e5fca2b6d44',1,3,NULL,'[]',0,'2021-12-08 09:43:29','2021-12-08 09:43:29','2022-12-08 12:43:29'),('603636b3a78633a306b35b3ced37732c19ef08b7e2740b630d78bec617e3d89e6932a9ed15e12e1a',1,3,NULL,'[]',0,'2022-01-07 11:52:20','2022-01-07 11:52:20','2023-01-07 14:52:20'),('603d921f60b6d68d61a23972d8d2909819d2921c757d3692571703c0cf57c4d1e279a9e24e5fb013',1,3,NULL,'[]',0,'2021-12-14 12:26:38','2021-12-14 12:26:38','2022-12-14 15:26:38'),('608de808328241690b181ff756d93496bae1464a102010e8077ce5cef277dd75099d9c1e57773df3',1,3,NULL,'[]',0,'2021-10-21 03:24:02','2021-10-21 03:24:02','2022-10-21 06:24:02'),('60a686475dcd067bc10224f36a303b2fdd8afbb941f3167065edfeb1eeda051d6fe11eb9af827d9d',1,3,NULL,'[]',0,'2021-07-22 07:02:55','2021-07-22 07:02:55','2022-07-22 10:02:55'),('6119a4508c602e440756367818cf4f2867bc1fde6fe987e47b64c4702d7d4594efc4e052ebb97d56',1,3,NULL,'[]',0,'2021-11-14 13:24:45','2021-11-14 13:24:45','2022-11-14 16:24:45'),('61c356d0a63818778e9736bcdfd140698e2197a3dd7be31e31341ba5ed0bd46940570cc0b76e3f7b',1,3,NULL,'[]',0,'2021-11-20 05:34:10','2021-11-20 05:34:10','2022-11-20 08:34:10'),('61c3ce5b5de43f4a55357553131ea8ede3d14af60ee71ad66a6ef880f4ce9916a1062e8c2a5bbac9',1,3,NULL,'[]',0,'2021-10-26 09:40:04','2021-10-26 09:40:04','2022-10-26 12:40:04'),('61ee682ad1d242dbe01ac8ea1eb5e433ae36e825530fd41e3e58337746a0d967daa56471180ce1a9',1,3,NULL,'[]',0,'2021-07-03 04:02:31','2021-07-03 04:02:31','2022-07-03 07:02:31'),('626cd74f36233250b52ecd2e550e6c288252513b0ca1e661c188d76cf29b56d285b02b5365dbf9f7',1,3,NULL,'[]',0,'2021-08-13 04:48:19','2021-08-13 04:48:19','2022-08-13 07:48:19'),('62c6171fc9217ef3dd8b9507b4683b77219ddd04fdc9a6c7412693cc1dcace0a1de9e5c5ed80446a',1,3,NULL,'[]',0,'2022-01-11 04:05:20','2022-01-11 04:05:20','2023-01-11 07:05:20'),('63dd9b124452772cb1a15bb749d49fd7efd08e87a0d31f0bbb1f5ecea68a1af5de45f9f1f1871f99',1,3,NULL,'[]',0,'2021-10-24 09:17:29','2021-10-24 09:17:29','2022-10-24 12:17:29'),('63e3c2fa5cef17a9e4f686342f69973c0a9c8d138dc76904caea0b5771f893843bcc624177dd8529',1,3,NULL,'[]',0,'2021-09-22 04:51:25','2021-09-22 04:51:25','2022-09-22 07:51:25'),('645fc09c91acba49434d52206eac5e579f11132ac66d17af549e5612bc5a233daa3b3baa986cbeac',1,3,NULL,'[]',0,'2021-11-19 16:01:20','2021-11-19 16:01:20','2022-11-19 19:01:20'),('6494412a4e2ddad4b3b42c98cda2227ab04b866d5d906629e8e61345f46592fdc468e5145588bcf4',1,3,NULL,'[]',0,'2021-09-21 13:09:26','2021-09-21 13:09:26','2022-09-21 16:09:26'),('64b047a64eb271df37beb626c4d397382b4bdfddd14dcc40c5160f67dcc7583441e0c94a8d3ac677',1,3,NULL,'[]',0,'2022-01-08 15:15:44','2022-01-08 15:15:44','2023-01-08 18:15:44'),('652bb78eb266d298038e660c5ed1789686a46d207efb2e9972975373249884e30bbe6ea66b6f0fe9',1,3,NULL,'[]',0,'2021-09-19 09:02:40','2021-09-19 09:02:40','2022-09-19 12:02:40'),('65821b3e558ff9f1c54eb60e54784650506aa054fc6eb2df7f6a9834c61fef59906b3972a72fb4aa',1,3,NULL,'[]',0,'2021-07-27 16:58:45','2021-07-27 16:58:45','2022-07-27 19:58:45'),('65c1f8e2d697240cfd647f3839e5cb2658b110894ceba8356c7848c0d7e3dac856ba9a41ddcba4ac',1,3,NULL,'[]',0,'2021-11-12 20:16:03','2021-11-12 20:16:03','2022-11-12 23:16:03'),('666981c278183ed500178335b05ae9bcd3e07dc438e237a3c90f7c7b2de024bb60601411f76bb953',1,3,NULL,'[]',0,'2021-12-01 15:15:11','2021-12-01 15:15:11','2022-12-01 18:15:11'),('67210e75371e38138501b0a70a9ee1972aae715a369b7a3384b62d9a71aba1f0abbdb7ea0921b746',1,3,NULL,'[]',0,'2021-10-07 08:23:31','2021-10-07 08:23:31','2022-10-07 11:23:31'),('672e21cc6164acc7e9b12fbd7445fe7b98f747c3fb3a91aea72bf60fbeabc2f8250f79bb93a04fa9',1,3,NULL,'[]',0,'2021-04-14 13:24:39','2021-04-14 13:24:39','2022-04-14 16:24:39'),('673a9b8ba5aa2f48ee90a4635424ef7fe2ee2f0212e7f078cdab597fbef102ebc8df17c5e3d2d4f9',1,3,NULL,'[]',0,'2021-11-11 08:40:41','2021-11-11 08:40:41','2022-11-11 11:40:41'),('68e36346889a27b2b5b149d07924c86f05bc32d1610860505bb263b945c3f8b2270c0da94ca31e8e',1,3,NULL,'[]',0,'2021-11-04 09:31:36','2021-11-04 09:31:36','2022-11-04 12:31:36'),('693e9f32e6bba5525c731481be2f949d3f75d8fa5caa2815724364a94b68ff28779f021f8cf376e0',1,3,NULL,'[]',0,'2021-04-19 16:05:46','2021-04-19 16:05:46','2022-04-19 19:05:46'),('698ac0e7574248f7a3c75f0acd4df346f976e17d67925214d0b3bc6ca2cc5e2e7ef0372f2f1e52c2',1,3,NULL,'[]',0,'2021-10-11 03:21:33','2021-10-11 03:21:33','2022-10-11 06:21:33'),('69b4a5546ad2d6f3be21bd13b43b804459bb7d6af807dc3f38fa6e50fdb16aab11fca7f1936501bb',1,3,NULL,'[]',0,'2021-12-13 03:56:01','2021-12-13 03:56:01','2022-12-13 06:56:01'),('69def961aa2b8a15805467440e205261d2a185e0124f5d139e796fe99a3d21b3dca77e1ed8b41221',1,3,NULL,'[]',0,'2021-12-20 08:39:15','2021-12-20 08:39:15','2022-12-20 11:39:15'),('6a1c138a1d3b298d3252a3bc7c33104391ae919579635070e1b5d13f37470633dbe60d48c52ec7bb',1,3,NULL,'[]',0,'2021-06-09 16:43:05','2021-06-09 16:43:05','2022-06-09 19:43:05'),('6a244d8dde29b014fda2c55076a5b71075e4523d4e6337ba7c88b4aca6a44586fe5b9fd634d8d424',1,3,NULL,'[]',0,'2021-10-23 05:15:16','2021-10-23 05:15:16','2022-10-23 08:15:16'),('6a2c5f0c1a75edba4476007a23ad29e99f3c3f19e18a1e5ec751984cfbd5fadf06f317b20b34b39a',1,3,NULL,'[]',0,'2021-04-26 15:37:25','2021-04-26 15:37:25','2022-04-26 18:37:25'),('6b2ad095a8532c9a26c9a41dfe270c373e38ddbde620c83ea977f5c94bd3c9974bcaf1540129ea9b',1,3,NULL,'[]',0,'2021-06-02 09:27:29','2021-06-02 09:27:29','2022-06-02 12:27:29'),('6b483621eded17513ff58012ce63b937e67d2a89ee42762fc9d0725b38c14e5625fbf1c5306dbbbd',1,3,NULL,'[]',0,'2021-07-29 12:43:04','2021-07-29 12:43:04','2022-07-29 15:43:04'),('6c10a47994aa955794d2119a2561a41986fea8f0b6710a11c45c25f0b6ad6e7ea33dfa1e79324492',1,3,NULL,'[]',0,'2021-04-28 11:41:13','2021-04-28 11:41:13','2022-04-28 14:41:13'),('6c22244cf28c722611d9c812d33b385ad41c911942a31235e9f9af699ef14d9cd006e5cdeafb8e7a',1,3,NULL,'[]',0,'2021-05-26 12:50:51','2021-05-26 12:50:51','2022-05-26 15:50:51'),('6c6944531382c5aaf489e5c004913dfd3a243f57e33dffeaef16ffea1b7428592cbb6393ab7c3361',1,3,NULL,'[]',0,'2021-09-24 13:25:51','2021-09-24 13:25:51','2022-09-24 16:25:51'),('6c6e2cf39734fe577e29ecb658688c164a4627f4d90d4b59289f321fe5f2fab0531485c4b002b3ac',1,3,NULL,'[]',0,'2021-12-30 05:37:46','2021-12-30 05:37:46','2022-12-30 08:37:46'),('6cd3ade766633c96fc44558ff990a80a7f4bdd231b1b18ce1bc3dde782e4601a8d02955af706c79a',1,3,NULL,'[]',0,'2021-07-23 02:41:23','2021-07-23 02:41:23','2022-07-23 05:41:23'),('6d36dba0e3eaa4f3a0abfff3377287789256a323f618fa07932267ed6d6fc4d3873c8218ce07d5be',1,1,NULL,'[]',0,'2021-02-06 16:16:40','2021-02-06 16:16:40','2022-02-06 19:16:40'),('6e4758dd1bd7a782d1cbdb0e44cec1a00d00743b2950a45bfcb04cdff702dc31c7be1ec00169c219',1,3,NULL,'[]',0,'2022-01-09 14:00:13','2022-01-09 14:00:13','2023-01-09 17:00:13'),('6f44cb0ac3ecaf0e29ecf97e144960a210a7640c7df6ca9690699a3fbe42295c6804ae88f7fea2ed',1,3,NULL,'[]',0,'2021-10-26 14:09:08','2021-10-26 14:09:08','2022-10-26 17:09:08'),('70494665af08e716d81bd1d05f550f1126837d365c498f2cd9e79a7f0727178fc25a815d7e81c848',1,3,NULL,'[]',0,'2022-01-06 16:32:11','2022-01-06 16:32:11','2023-01-06 19:32:11'),('706123b63f7a68b23c800081d25ad07be81402fe39ffb5bd40122c7db33ad623659bdf150b329dda',1,3,NULL,'[]',0,'2021-10-07 08:23:31','2021-10-07 08:23:31','2022-10-07 11:23:31'),('706ebde1c7ac6ebb5b091402b12312b620a66180b93aa8d805c70daa162e0e9db9247690621e4393',1,3,NULL,'[]',0,'2021-12-02 05:44:41','2021-12-02 05:44:41','2022-12-02 08:44:41'),('71cb464b9f362ebc86b39f9a5aabfbdd70ccb6e77f650376c277492ac5f0cdb2d8f25ba6ab60b1ea',1,3,NULL,'[]',0,'2021-11-17 11:33:51','2021-11-17 11:33:51','2022-11-17 14:33:51'),('71e2cb2d3cef3f765cc2f80f0f3fa867f3e912be1755adf1b41c78a88d0fd96a82761c43367f7c7a',1,3,NULL,'[]',0,'2021-03-18 10:51:59','2021-03-18 10:51:59','2022-03-18 13:51:59'),('726bdfc1dfdf5487e6be7c7c740fa6cf2cfeff18ca69d6c00b7a1f38b8ee80ae89077d86dcb85377',1,3,NULL,'[]',0,'2021-06-11 16:44:10','2021-06-11 16:44:10','2022-06-11 19:44:10'),('728185f44fe945ace717ca0a1da776a21a2d7a1058c2590b0740a5f61cf76b045d743580b22c2c1a',1,3,NULL,'[]',0,'2021-12-08 11:37:53','2021-12-08 11:37:53','2022-12-08 14:37:53'),('730bd60fd189812a8a4014ad67f0d59c472209390e93cd0e60945114c5c07b6d6bafec5b83f9bcda',1,3,NULL,'[]',0,'2021-10-15 04:29:29','2021-10-15 04:29:29','2022-10-15 07:29:29'),('73250242e53c4d3ff0b39718f1422584f0e6b2479888f677871d577d7e0ca6c23e48c5f7c84289cb',1,3,NULL,'[]',0,'2021-10-23 15:49:32','2021-10-23 15:49:32','2022-10-23 18:49:32'),('73cfe2359612c83b66675fffa522986275b2f71f3095153d9c06e68b6811dfd0ca095b8f3614eaf9',1,3,NULL,'[]',0,'2021-12-19 03:07:01','2021-12-19 03:07:01','2022-12-19 06:07:01'),('748a6a0d030ae2b45d8bdb90f1aa1d20781bd76f053f625c4410ce008e8ed6e6b7a31ccbcc41c80f',1,3,NULL,'[]',0,'2021-12-12 13:11:32','2021-12-12 13:11:32','2022-12-12 16:11:32'),('74effaaccf3428660bd3e46752bdf7fdbc39836c0409cc062bf1f252e03f8a16bfe42e29815e5ae2',1,3,NULL,'[]',0,'2021-12-05 06:54:38','2021-12-05 06:54:38','2022-12-05 09:54:38'),('75de989f5bbd891e1410a6e73e2233bb50dab299f652b7d85df95de280694f9e0e963dcd736c5302',1,1,NULL,'[]',0,'2021-02-09 16:21:22','2021-02-09 16:21:22','2022-02-09 19:21:22'),('76420e95370e6f148c2267c01ca2bf0d78879727fffebb99a383da35912d4920f69c0444db31b51f',1,3,NULL,'[]',0,'2021-11-30 04:50:16','2021-11-30 04:50:16','2022-11-30 07:50:16'),('7659ad59436058078e6b6bb45c8e2e7dd089a5c393f86177e4e321df9dc6798514c6621a2332c5dc',1,3,NULL,'[]',0,'2021-12-18 05:08:12','2021-12-18 05:08:12','2022-12-18 08:08:12'),('76dc77867c3558700a8e52a52bada9e893f236ff1eb3c4c084632845ece13d20103d89d873f9bdf6',1,3,NULL,'[]',0,'2021-11-13 13:38:26','2021-11-13 13:38:26','2022-11-13 16:38:26'),('7765ce0f84886d32347ed459218211e845b29853fde167374a57a63f419d8314925e28769e37c208',1,3,NULL,'[]',0,'2021-07-13 08:11:44','2021-07-13 08:11:44','2022-07-13 11:11:44'),('78432fc5f9642617452ba9757f55fe3026279df401238f65fca721ea9e668968bd7dd42bed65cd2f',1,3,NULL,'[]',0,'2021-09-21 14:49:04','2021-09-21 14:49:04','2022-09-21 17:49:04'),('78d6f1f4db09de6418ff2c65a147ca4220ce928d83fa686ff71392d4d4e6257034b26b8b2d2a0463',1,3,NULL,'[]',0,'2022-01-10 17:41:19','2022-01-10 17:41:19','2023-01-10 20:41:19'),('795642613c97cf184f4b11ad5c7eb516724575737a2ef2de992b07f52d176f4c9b1a7c1d5e4b342f',1,3,NULL,'[]',0,'2021-10-31 14:40:22','2021-10-31 14:40:22','2022-10-31 17:40:22'),('799913bc153b35f9a6d32cf320e7049353c8df00cccf47e0a240308261e2aa39ce791174daeb60a4',1,3,NULL,'[]',0,'2022-01-12 07:12:21','2022-01-12 07:12:21','2023-01-12 10:12:21'),('7a098ae6cb444be47df44972dba2dc6c669bc2a453e5096178695bac8cd685a208f42f8522163456',1,3,NULL,'[]',0,'2022-01-05 06:47:26','2022-01-05 06:47:26','2023-01-05 09:47:26'),('7a76588436cddab2fa5910c3dd40d9fcdb8d6736f0fc7835600c491c621096d8f729280609bb5824',1,3,NULL,'[]',0,'2021-11-19 05:54:20','2021-11-19 05:54:20','2022-11-19 08:54:20'),('7af33f22a3747457213dc231afb260d774f37fdf4e3d560317e7c09b397b72b7e96ee69e6ae0642a',1,3,NULL,'[]',0,'2022-01-11 13:49:09','2022-01-11 13:49:09','2023-01-11 16:49:09'),('7b5b963b7ee81c8347dc0371c3f28c933e72a9c954b937cb97a254a5f38606e433f57ca71da3fc63',1,3,NULL,'[]',0,'2021-10-28 03:42:05','2021-10-28 03:42:05','2022-10-28 06:42:05'),('7bac1764ec86c80498e78bf46ba346d1553dd700b3c30a503c5044d4b70ecacfe397bbf9e5f98655',1,3,NULL,'[]',0,'2021-10-11 03:21:33','2021-10-11 03:21:33','2022-10-11 06:21:33'),('7bba8bb8b53735d8f3a7cfeec90e9327a9af3f082a65bc42d64a989364055ad2bb2051e7a1d766dc',1,3,NULL,'[]',0,'2022-01-01 14:37:31','2022-01-01 14:37:31','2023-01-01 17:37:31'),('7c2b1c572940315d2559962636ba4b7d7130721b4c00ceb3a40e8e506368797f7a8196c2541c5c13',1,3,NULL,'[]',0,'2021-05-31 05:16:29','2021-05-31 05:16:29','2022-05-31 08:16:29'),('7c6b2d9d20cc3c5d1e2c8020becd72dc9bc664356ea70a18fea1e469d26f9bfcc8314ff1857a189c',1,3,NULL,'[]',0,'2021-10-04 03:52:22','2021-10-04 03:52:22','2022-10-04 06:52:22'),('7dbadfb3826fe09af0f70a6dd1677d3365666e7db67b128ec573834b76ab69a5733d805e2b54155c',1,3,NULL,'[]',0,'2021-04-26 15:56:54','2021-04-26 15:56:54','2022-04-26 18:56:54'),('7dd7e07fd0859356ea0636252684bcabbc76f3d068b2e5c826091d5f398e1191cc3a9c956da3c754',1,3,NULL,'[]',0,'2021-10-11 04:02:42','2021-10-11 04:02:42','2022-10-11 07:02:42'),('7fb8615d390145102ac39f3e6ba26f187ac5de121c1d7fc1f136655775e63b72c196cf6edc0ab8d0',1,3,NULL,'[]',0,'2021-11-29 15:10:23','2021-11-29 15:10:23','2022-11-29 18:10:23'),('80b867d10b21d0c0d6b45283b9bab646b49ff9abdb6a42e4510a82e0de7cda53915e86aa7168db3f',1,3,NULL,'[]',0,'2021-11-19 06:59:45','2021-11-19 06:59:45','2022-11-19 09:59:45'),('81115cd0eb16bbbc855219e1db3b7e5c6649173dc54f9d15bf8c070694f1cf74be9428f46646783a',1,3,NULL,'[]',0,'2022-01-13 15:16:39','2022-01-13 15:16:39','2023-01-13 18:16:39'),('81ca3508e5070feff8797440a1795e4f3eeaf38bf544c402f01a7648e2e18551010bff7237bd0698',1,3,NULL,'[]',0,'2021-08-02 17:14:56','2021-08-02 17:14:56','2022-08-02 20:14:56'),('81ef41f2aed7f461f1c2e1d66dc1b6ab78a4f41f2695d3e700772d822c5a9b46e265a1a30a058dca',1,3,NULL,'[]',0,'2022-01-25 05:04:06','2022-01-25 05:04:06','2023-01-25 08:04:06'),('82057a6dc6a17d368f5b339852f41d0816db2ec7b0b9ccf35fdcc489cc60afda4f7dccf6272f8e4a',1,3,NULL,'[]',0,'2021-06-05 05:48:39','2021-06-05 05:48:39','2022-06-05 08:48:39'),('8214b00ab557b37c63292aa5921497df589f2a59edbd60c5ddc3b3844f8f2ee876fb361857239ec7',1,3,NULL,'[]',0,'2021-06-01 08:46:43','2021-06-01 08:46:43','2022-06-01 11:46:43'),('8288c508aaf4e27d7e1506bebcd0b172fab292c43ff9ff63717a758f6f6b9b6ad0db6212e3219e4c',1,3,NULL,'[]',0,'2021-09-04 15:47:38','2021-09-04 15:47:38','2022-09-04 18:47:38'),('82c4d9e709484555b3d2fed0fea232ace05f3d3a83ead826e8d0ddb19645ce3b4fd98fc5910da0bc',1,3,NULL,'[]',0,'2021-07-30 03:46:22','2021-07-30 03:46:22','2022-07-30 06:46:22'),('82dcb209f38a94e2137a960c9ffd96dd561d68201e36c6a48fe01471dcde351e3e10a93bebf477e4',1,3,NULL,'[]',0,'2021-10-24 15:21:44','2021-10-24 15:21:44','2022-10-24 18:21:44'),('82e2b3fd173d0080dc6e5c2e5d8993bea4635b9e1c94790de0eb482833fdad55ced69d86628b8e68',1,3,NULL,'[]',0,'2021-12-17 03:37:51','2021-12-17 03:37:51','2022-12-17 06:37:51'),('832923984df50ca0ad58586e28b3e0a8b9ad0cd3513f34aea5daa98f510b641b442936e63fcb278a',1,3,NULL,'[]',0,'2022-01-25 05:11:53','2022-01-25 05:11:53','2023-01-25 08:11:53'),('8351241dbe7c015f4bf4e32ccf0841f46c2e899943cfdd76eb2a9d490a534a53ce4a840061618ca9',1,3,NULL,'[]',0,'2022-01-15 12:50:55','2022-01-15 12:50:55','2023-01-15 15:50:55'),('838922b6f3ba2f2fd13df67c19753c9680332c4661db4f6e01403647bc5befa8053cb09cba9321be',1,3,NULL,'[]',0,'2021-04-08 17:16:59','2021-04-08 17:16:59','2022-04-08 20:16:59'),('840f81ad7c0a8663055dfb40718526df440a77c940ddcbf54c38de2ed8728a97398ac22a39eea579',1,3,NULL,'[]',0,'2021-12-21 14:09:20','2021-12-21 14:09:20','2022-12-21 17:09:20'),('8475a95cd7021d3df263fa23e90bce09bdb6ac66b40ba170ad8223008743c7f04d45672a9bc9ee56',1,3,NULL,'[]',0,'2021-05-15 03:14:50','2021-05-15 03:14:50','2022-05-15 06:14:50'),('8511c1a1fe68fa1794b888ceb9bffb68758287aaa758e8e5d0bf78ba99c9796ed35edded6b83f4fc',1,3,NULL,'[]',0,'2021-10-07 08:23:28','2021-10-07 08:23:28','2022-10-07 11:23:28'),('856466059a0dcf9f1c47a66361eeac73d6019188a2c06f7135431b25199434bb55cb0d35b77504c3',1,3,NULL,'[]',0,'2022-01-11 06:58:16','2022-01-11 06:58:16','2023-01-11 09:58:16'),('85c7bedd0277f657e05d679ef35e59f1cb56939da6a888984eca6e233721068d794f132564c6aac6',1,3,NULL,'[]',0,'2021-05-03 13:07:29','2021-05-03 13:07:29','2022-05-03 16:07:29'),('86571c4540ea1d126e652dcbfb0e0b2d70391c1766ea0e4f97f10b48783105cdfd36f7e1fa15d987',1,3,NULL,'[]',0,'2022-01-09 06:58:36','2022-01-09 06:58:36','2023-01-09 09:58:36'),('8676d0cc375d894e1dc1ba3fb0b294a40ee1d62807febbb2ea94737293758826b5ede46c46d8eb90',1,3,NULL,'[]',0,'2021-12-12 15:47:14','2021-12-12 15:47:14','2022-12-12 18:47:14'),('8755401c0a6443e20401943c9ff8744c801dab5a30cc909e0304d581469fd5d1781dff2f43b14e4a',1,3,NULL,'[]',0,'2021-12-19 08:01:23','2021-12-19 08:01:23','2022-12-19 11:01:23'),('87b2dda7929969634c5cc08ab57ad7552a7dcbf1a153c37850d774379cb642eff0901facaf43913a',1,3,NULL,'[]',0,'2021-04-26 16:51:14','2021-04-26 16:51:14','2022-04-26 19:51:14'),('8815141205df7c47d326b987579c2403c6cdc89a8ffc974dcd7c9ac4e4a5945e97a6002cd412d17b',1,3,NULL,'[]',0,'2022-01-14 04:03:53','2022-01-14 04:03:53','2023-01-14 07:03:53'),('888b628b3941ac3d70e76fc98b1c1d5dd34dd11daef8e9507531aaea00fe8549b4f3f4e8d8da7fab',1,3,NULL,'[]',0,'2021-07-23 07:18:58','2021-07-23 07:18:58','2022-07-23 10:18:58'),('88976ee3dde16a35c5a39c61dd53d7288e768c877e3fcf54f178e0c71f31cb76fc2658adb65f2de0',1,3,NULL,'[]',0,'2021-11-09 12:27:26','2021-11-09 12:27:26','2022-11-09 15:27:26'),('890c1df12026c1c17c7d68a93ef736dbfe48baaa3951cea453e1a715a42e9069426aff45ee25a19e',1,3,NULL,'[]',0,'2021-11-21 07:22:12','2021-11-21 07:22:12','2022-11-21 10:22:12'),('89227855f57c1bd27a490da7332a738b08eb0a83235fbcce8965b728a356a6368f55ab298956030e',1,3,NULL,'[]',0,'2021-12-31 08:01:53','2021-12-31 08:01:53','2022-12-31 11:01:53'),('8996bdf92690f422631818c422fe4c23bc6b81ff17817cec05eca8bd9e437eec22ae22fa0e3572de',1,3,NULL,'[]',0,'2021-10-23 09:55:13','2021-10-23 09:55:13','2022-10-23 12:55:13'),('8aad607af197da0211485c6fcd6e80aeb9fe902dea1f5c35620c255c634000f01c088463135a522b',1,3,NULL,'[]',0,'2021-10-11 03:47:56','2021-10-11 03:47:56','2022-10-11 06:47:56'),('8bb7ff7c4d523ebc4a82be298861bb562deab76c07567ef0d123d195e770a93f083c3913102aaa8b',1,1,NULL,'[]',0,'2021-02-06 15:29:28','2021-02-06 15:29:28','2022-02-06 18:29:28'),('8c451a29c64837138417f189d681d894f459b673ac8c731e023110653ec52e74d8468b27e510060b',1,1,NULL,'[]',0,'2020-11-23 15:33:49','2020-11-23 15:33:49','2021-11-23 18:33:49'),('8c99cf80d990bd0484dc712b2b400c43d7833aac63ecd21672c59311fb62579e07f6374946358103',1,3,NULL,'[]',0,'2021-10-12 09:22:31','2021-10-12 09:22:31','2022-10-12 12:22:31'),('8d840ba9f180d02e16b92dc670bbb4c6693788322069aacaf0a92180b991d894d06debd6f498f0fb',1,3,NULL,'[]',0,'2021-04-29 03:03:50','2021-04-29 03:03:50','2022-04-29 06:03:50'),('8dd001257f55ecfcef215d9ce90d2b7f72e4c3c9b23ef0f0c8b852ea4278b159d388a2b00fb2512b',1,3,NULL,'[]',0,'2021-09-02 09:51:21','2021-09-02 09:51:21','2022-09-02 12:51:21'),('8ec5cde84937d2c124f5d131f20f1c4f4ad702c773dd49b2bff4103a406c435c15868042c7b6b715',1,3,NULL,'[]',0,'2021-11-02 15:45:53','2021-11-02 15:45:53','2022-11-02 18:45:53'),('8eddd58c5c76fef471eff99ae9d98d6cac86982768def730478c28209ffb1a3a28a3f0b2a165479d',1,3,NULL,'[]',0,'2021-09-30 17:52:16','2021-09-30 17:52:16','2022-09-30 20:52:16'),('8ee471b3f695a779c013626814d1ab398d130a0f4bd4379a52a09e9a88360d91572d7bc273468c73',1,3,NULL,'[]',0,'2021-08-05 09:13:17','2021-08-05 09:13:17','2022-08-05 12:13:17'),('8eeda64b64c831ccfcba3dcce5504d9392af773da053afabb2d644b7b0ef996fc0e4d6224010bad1',1,3,NULL,'[]',0,'2021-06-04 00:42:03','2021-06-04 00:42:03','2022-06-04 03:42:03'),('8f3aac1b21ba9636b701661c4163da3ffaddaddba2692b11bef35c2ad506f4534e2051783a109ac0',1,3,NULL,'[]',0,'2021-09-24 16:31:35','2021-09-24 16:31:35','2022-09-24 19:31:35'),('90114476bab637a35ee9be906d730ede3e2b9870afd87bcecc7ef33563b37c442742c024e0e9d2fe',1,3,NULL,'[]',0,'2021-12-02 13:46:54','2021-12-02 13:46:54','2022-12-02 16:46:54'),('9053bca901effa96958938d8e79443ed624a96043fd98bc596c15014bb890295fb2df55028085550',1,3,NULL,'[]',0,'2022-01-13 07:17:14','2022-01-13 07:17:14','2023-01-13 10:17:14'),('9066a2319e0dfbfb29c1b05ee3e39cd83da4172ab32ded6ad3c43dd5b4e3ae8dcf810c15e9fc3586',1,3,NULL,'[]',0,'2021-04-27 05:03:03','2021-04-27 05:03:03','2022-04-27 08:03:03'),('909c87d5b2e9e895a512cba3287ce9ac9e36323304b06f224a564ec4f0c8027d13a608665f8473da',1,3,NULL,'[]',0,'2021-11-15 14:13:03','2021-11-15 14:13:03','2022-11-15 17:13:03'),('90b5e989a6e57b9d5c0d22f10f172460e711c4c2e900ce30c237c9b151c996dfbe296029b971effa',1,3,NULL,'[]',0,'2021-09-23 05:17:21','2021-09-23 05:17:21','2022-09-23 08:17:21'),('91347e71d7a470c843e2e132cbdf23498f524318b4f8643845c7500a5d58158cd275652469d6beb5',1,3,NULL,'[]',0,'2022-01-14 13:11:42','2022-01-14 13:11:42','2023-01-14 16:11:42'),('91374c4643a61bcff44543ebb740a594017504dbe53e11a0abc6d6235b839ecf630ee288a80a34ec',1,3,NULL,'[]',0,'2021-09-22 16:31:38','2021-09-22 16:31:38','2022-09-22 19:31:38'),('919f7e1440bfe9b9619c198cdb909a9a9ee573bd3b3b93a9a0a9e168c638c34d430f293437539887',1,3,NULL,'[]',0,'2021-11-19 06:35:55','2021-11-19 06:35:55','2022-11-19 09:35:55'),('925b14e095a0009c497c17276726ed70e4e518f938f0fa5250bb652a6330ec94ba6be1b397f0df04',1,3,NULL,'[]',0,'2021-04-19 18:08:57','2021-04-19 18:08:57','2022-04-19 21:08:57'),('9341bb85af691dc1f239961c0fb2f06a313a7d2108ee9e7035f444bee3adc5c5cf9d9426439a24dc',1,3,NULL,'[]',0,'2022-01-02 11:59:43','2022-01-02 11:59:43','2023-01-02 14:59:43'),('936e7f0009d692551509ca458358486b87f82d63d587c7977c64ea9ef5baf2f690006e10ab84c6c3',1,3,NULL,'[]',0,'2021-04-28 08:12:10','2021-04-28 08:12:10','2022-04-28 11:12:10'),('938bdd3b0947fecc2433d473ece3ad533940c4aed62eef7c9f976e259d6f5bd276b61eb594e3589f',1,3,NULL,'[]',0,'2021-10-30 15:55:27','2021-10-30 15:55:27','2022-10-30 18:55:27'),('939a0b15e6d493dab84f6dd4514d5e86d9a0586ee1a36c8eed8c8555bdb2aff902d9e3498d3ea39b',1,3,NULL,'[]',0,'2021-04-14 13:38:16','2021-04-14 13:38:16','2022-04-14 16:38:16'),('93a4a2fecdb69734c2d959b98058d785c85062f5e5120be14c700063bf4be3e796c5fdc9505fab08',1,1,NULL,'[]',0,'2021-02-09 16:30:36','2021-02-09 16:30:36','2022-02-09 19:30:36'),('93ab3d1487199cde253c6c40330932f1a240712c1dde8c241075599b35dbf7b831eaabd0ec9123ae',1,3,NULL,'[]',0,'2021-09-23 03:19:50','2021-09-23 03:19:50','2022-09-23 06:19:50'),('9414a3939d1191d058c0caf4a47a11b5482c5eeb5251ee200c139b998fa96d865397f22642989dd5',1,3,NULL,'[]',0,'2021-04-07 05:50:56','2021-04-07 05:50:56','2022-04-07 08:50:56'),('94953c8d23b43c2cc3e7c79d71e6b5b3488b92cecc7556646d9d287338b351fe3d1158cbbd612c2f',1,3,NULL,'[]',0,'2021-11-05 00:18:00','2021-11-05 00:18:00','2022-11-05 03:18:00'),('94cb3601445035f77f733441900e3e49d8cb82c5381734085ef9e0c95ffc0219964c2d66829f7fc7',1,3,NULL,'[]',0,'2021-04-07 11:01:30','2021-04-07 11:01:30','2022-04-07 14:01:30'),('94ccbddc5e0a10e7ecd2c51a2a56725ca2138c4b56f265d3bcca205baaf9d13b72a499a443f3df31',1,3,NULL,'[]',0,'2021-12-28 10:07:40','2021-12-28 10:07:40','2022-12-28 13:07:40'),('95039d5fb2d0a738e11071152d9dc51dfe1cd479a7dfbca09a59ff4ecb1423e811c5495110d1ef34',1,3,NULL,'[]',0,'2021-10-17 08:48:08','2021-10-17 08:48:08','2022-10-17 11:48:08'),('950ef7db31da22990c04bbd5d26793e0ac79e1cf63230c756d8d95979c2ec4e798fb4f68fc61f452',1,3,NULL,'[]',0,'2022-01-21 04:40:03','2022-01-21 04:40:03','2023-01-21 07:40:03'),('960d83cf5db6d62e2af327365bcae15f76099741e0eef7e7976dc57c8e69c150022cf531d099e6d7',1,3,NULL,'[]',0,'2021-11-08 06:33:52','2021-11-08 06:33:52','2022-11-08 09:33:52'),('9619e6fdd71df788c62dd540856860aa9750145e53f615ef4281248e3ddd08c1d03fb1507a6505e8',1,3,NULL,'[]',0,'2021-06-04 13:13:28','2021-06-04 13:13:28','2022-06-04 16:13:28'),('965a61b2e1d63a06a8c689bd19e6c5f3adacbe98f0bfe912d48f236dbbc9267f75ddf58d8d3431c2',1,3,NULL,'[]',0,'2021-11-15 11:05:43','2021-11-15 11:05:43','2022-11-15 14:05:43'),('9829cde1486276a25ba5300fcf892073c1c64b959411150b66a261980bc78a4ea180cd9422eabc84',1,3,NULL,'[]',0,'2021-10-13 14:54:39','2021-10-13 14:54:39','2022-10-13 17:54:39'),('9885c44d40532518f46a8b41d57345dbb323c0e1d30dadb614504aff08ee3584cb54a3c1bdd172f0',1,3,NULL,'[]',0,'2021-10-19 12:28:23','2021-10-19 12:28:23','2022-10-19 15:28:23'),('9892300a3a53f256c7b9ec77a51100b2b256dd0d073194b54157bdb9bbfefac43b92026e742e3a47',1,3,NULL,'[]',0,'2021-10-02 03:13:43','2021-10-02 03:13:43','2022-10-02 06:13:43'),('98de71ed29496a8cb8d4237a7d3c6929260cfc517bdfc75b21eb2e9693b7c7371ecdc933fa09b6c0',1,3,NULL,'[]',0,'2021-04-26 17:02:06','2021-04-26 17:02:06','2022-04-26 20:02:06'),('994dc631bdac20e91139d26ab63af480ed72d3f181e66c1fb14e24e456072ae6d41a56b9b025c6aa',1,3,NULL,'[]',0,'2021-12-16 04:23:50','2021-12-16 04:23:50','2022-12-16 07:23:50'),('99704876c876f22aebe2d4b87c8c32f70d83100203d411cc76cf4de0192ee7e8d33158bf55e830e9',1,3,NULL,'[]',0,'2021-07-12 08:00:02','2021-07-12 08:00:02','2022-07-12 11:00:02'),('99d49ef82a071df20ab0b850c6d561b9ba558295dc490f322d66d2965ce41dd05e979a324f46bd52',1,3,NULL,'[]',0,'2021-05-17 05:15:11','2021-05-17 05:15:11','2022-05-17 08:15:11'),('99de60fb80b8a4c854e5e9a3fb290d0392e0235f2a5c588f11b5e47e717503405add67d2aeb0032f',1,3,NULL,'[]',0,'2021-07-19 04:53:49','2021-07-19 04:53:49','2022-07-19 07:53:49'),('9aec79e093fab4db1f9876323e22b2b0039139f22f65bbc433d29395fbe85104618bcfb8015eae0e',1,3,NULL,'[]',0,'2021-11-02 12:16:40','2021-11-02 12:16:40','2022-11-02 15:16:40'),('9bcb130055ab656f84595c9abca970365b40257730b4cf6bcc8f43192f9887cdb30d01bc89f72ba2',1,3,NULL,'[]',0,'2021-07-07 09:43:32','2021-07-07 09:43:32','2022-07-07 12:43:32'),('9c2c251e1a0f4a81843b5b6bf8c72a3c9c710f608206e93ea726556969584d45f83f3af599c549c0',1,3,NULL,'[]',0,'2022-01-10 07:47:08','2022-01-10 07:47:08','2023-01-10 10:47:08'),('9c590f3250ac4247a7c4c2a053eb98ccdddc62c9ba938db76955984c1ab2ebd35871f42038813b45',1,3,NULL,'[]',0,'2021-12-05 10:25:12','2021-12-05 10:25:12','2022-12-05 13:25:12'),('9c6bb2d69b889a62160708dd4be64481bb2fae440b65b1a577f9e5d49660c3393b151bcd146e7ad5',1,3,NULL,'[]',0,'2021-04-26 15:57:41','2021-04-26 15:57:41','2022-04-26 18:57:41'),('9d200f7b0fc9ab613381a1661b9998497c4ddedbb4eec3384e488bfe4e9f10c49b6d75370659dbaf',1,3,NULL,'[]',0,'2021-05-23 06:40:10','2021-05-23 06:40:10','2022-05-23 09:40:10'),('9d59600b1a23cf737120593b72852eeda6fd52607f20d8fd673a5be7c07c21522cd6018b737ceb69',1,3,NULL,'[]',0,'2021-11-10 14:20:14','2021-11-10 14:20:14','2022-11-10 17:20:14'),('9ea247e3273e1cf84e7b3ea04cbfe48966e63a35ca79045ef91996e8eaf433e8c96efa175d0abec7',1,3,NULL,'[]',0,'2021-09-03 16:52:08','2021-09-03 16:52:08','2022-09-03 19:52:08'),('9f81021537b45b7f53d9345faf45ddca19c53dbf4b5ddd266e9a69845dfcd416b84453dfbed2feb9',1,3,NULL,'[]',0,'2021-08-28 07:10:26','2021-08-28 07:10:26','2022-08-28 10:10:26'),('9fba5e3abe71df584300a300688688ee3b528b53dde997107e3304c92fff7a440cb1d39724407f4b',1,3,NULL,'[]',0,'2021-08-23 04:21:13','2021-08-23 04:21:13','2022-08-23 07:21:13'),('a0e0ce8be0499b0eb7e9e89d2fb0d9b1e75bd526cab97cc9a3532648226f6ea4a0cebbb456b08af8',1,3,NULL,'[]',0,'2021-06-08 16:06:10','2021-06-08 16:06:10','2022-06-08 19:06:10'),('a23fef8d14a8067a2d39852a89f2cd74b147a4d0bbd7c5f11f8264571c8aa83924078c133d685c9f',1,3,NULL,'[]',0,'2021-06-25 07:50:28','2021-06-25 07:50:28','2022-06-25 10:50:28'),('a2587c3783b090ef3ef780387d52783b34c94acb121fd81aa3c1c3c77ff510767c8e54a2a6f743ed',1,3,NULL,'[]',0,'2022-01-03 08:32:43','2022-01-03 08:32:43','2023-01-03 11:32:43'),('a28fc22d5729da5758b951755c448cb3a68a4982aeff42a607793c04d4c3e0b3ddd2526b9ae47b51',1,3,NULL,'[]',0,'2021-10-31 14:40:20','2021-10-31 14:40:20','2022-10-31 17:40:20'),('a317151f24d27217a6790c12709990132b9449a3996581f0cf430c3873a60141f3bf0a0dbf983168',1,3,NULL,'[]',0,'2021-12-22 10:24:47','2021-12-22 10:24:47','2022-12-22 13:24:47'),('a329961d97d1738e015b34df02b9b8e9c90c223d96f21fb40fe130946bba4a80cf023d809ef96c1f',1,3,NULL,'[]',0,'2021-11-17 10:30:52','2021-11-17 10:30:52','2022-11-17 13:30:52'),('a41719ef5d67a4defd1e3f553ada7d9066fc58b636f2ec01c411cffc048bbf8bcbe93ae4bafe4aae',1,3,NULL,'[]',0,'2022-01-22 09:02:36','2022-01-22 09:02:36','2023-01-22 12:02:36'),('a498cafb971481c1ad55f8b0629cead70412447787ccff35c27fbc3a201adbf180033d5738b99a28',1,3,NULL,'[]',0,'2021-06-04 04:32:25','2021-06-04 04:32:25','2022-06-04 07:32:25'),('a62269c596fc9d7ebcfb9173f157168372319890bd0da7985e500925cb7dcedb49bf416f2fc3dbed',1,3,NULL,'[]',0,'2021-10-25 16:01:08','2021-10-25 16:01:08','2022-10-25 19:01:08'),('a62ec1b06cecd65ce976e6b1e5b8661cb718e169beea908a033187b90470bdc729f1badfb94ded54',1,3,NULL,'[]',0,'2021-08-28 04:31:57','2021-08-28 04:31:57','2022-08-28 07:31:57'),('a6c80a6ae0ace24cbb2a53152d1105a536b59cabd52ea1b3436de3a6e67fcb2927bde0b0e790fa2e',1,3,NULL,'[]',0,'2021-08-04 08:29:17','2021-08-04 08:29:17','2022-08-04 11:29:17'),('a726038d31b4397d6496e932be0c437122c3fe45eec1fe751bf6ef7eb2b08497487ffa6fc69a4e6b',1,3,NULL,'[]',0,'2021-07-19 14:07:33','2021-07-19 14:07:33','2022-07-19 17:07:33'),('a72d92d582e6a76b57728a9d0a567aad8375d21ebb8b787d60c142067d39722b523a3d7693ca7820',1,3,NULL,'[]',0,'2021-07-20 09:09:26','2021-07-20 09:09:26','2022-07-20 12:09:26'),('a80e81ca23626fd851349f8cd7f914e6f02f15ce0e4cab4999a8a3ca0d40a43385b3fb58bf92d19f',1,3,NULL,'[]',0,'2021-10-18 10:44:49','2021-10-18 10:44:49','2022-10-18 13:44:49'),('a8417607aeb89ba964e7f0121121d7f551a6a6920c02baa8c46f75d8daa4206b9e5d1458312469bd',1,3,NULL,'[]',0,'2021-12-07 15:38:20','2021-12-07 15:38:20','2022-12-07 18:38:20'),('a86a2309c384ea8d1eb4557a1e425bc06d4cebf461b15c8e787816c00d76adc8086d5807a8109ea7',1,3,NULL,'[]',0,'2021-12-28 09:56:10','2021-12-28 09:56:10','2022-12-28 12:56:10'),('a873353e4809065a2f238bbf595c3662f8d6f1c1060977906a2be6a1b46e57f8179b7432a99b6dba',1,3,NULL,'[]',0,'2022-01-10 17:57:45','2022-01-10 17:57:45','2023-01-10 20:57:45'),('a8b7c73d2b7d73c85f44b48cfcb5d5201538a5b1dc4f0983578e876597c3f30dffef950b7198666b',1,3,NULL,'[]',0,'2021-10-08 03:04:05','2021-10-08 03:04:05','2022-10-08 06:04:05'),('a8d0734e5bfab45e991e1879a8d55908c2f1e9a42e2180e8e77473390076d63cd0a29943ce637000',1,3,NULL,'[]',0,'2021-11-26 04:43:51','2021-11-26 04:43:51','2022-11-26 07:43:51'),('a8efd1e7228bf23b11e549552dbca4006100dd846d702c830c6928e0732cf3b834a96396ad243df1',1,3,NULL,'[]',0,'2021-08-30 04:36:01','2021-08-30 04:36:01','2022-08-30 07:36:01'),('a979e4ca0f0272a586207b4a18aa3c31b0084ed6270c26db1f6bfa3ab6c2bc5fa19b83f86c7e17db',1,3,NULL,'[]',0,'2021-11-05 21:23:45','2021-11-05 21:23:45','2022-11-06 00:23:45'),('a9a3117318ea3fbd5b40482825e7da940a624d4987e20e6991bd78ad541fe6a5da8702846445caba',1,3,NULL,'[]',0,'2021-10-17 08:48:03','2021-10-17 08:48:03','2022-10-17 11:48:03'),('a9f3a6c842b32701d7d90d4dbd46c42d9f87c16516c5012b6315a4e4ab3f6fa704ae18b71ed88b95',1,1,NULL,'[]',0,'2021-01-27 14:11:44','2021-01-27 14:11:44','2022-01-27 17:11:44'),('aabb32337a30f1e7d1046654160bd8f9736c7f69a0b126805e17142195aca091d50fd5d1057eb337',1,3,NULL,'[]',0,'2021-12-27 08:21:33','2021-12-27 08:21:33','2022-12-27 11:21:33'),('abf6816ec5eaa7662e3e976c8f2dc44d373ccd68b3d42ef94f6a7f4adde94ce07344c772af65ee60',1,3,NULL,'[]',0,'2022-01-10 17:41:19','2022-01-10 17:41:19','2023-01-10 20:41:19'),('abf909a2e922c3e4fc20330274060ee565c1dadc92368006e0c9e75fda37be2df7f4622a59b27775',1,3,NULL,'[]',0,'2021-08-16 05:59:07','2021-08-16 05:59:07','2022-08-16 08:59:07'),('ac4108e2d0ac59ad8e8450dbebfb1c69349d77473bbda113cd38e884df4bef6e37c20d151530377b',1,3,NULL,'[]',0,'2021-08-18 15:28:54','2021-08-18 15:28:54','2022-08-18 18:28:54'),('ac697ccc08742d771e5a329061f1e727a424688920535a0716bd2a6fb7a38eb0881a1b64582d4571',1,3,NULL,'[]',0,'2021-11-14 07:00:12','2021-11-14 07:00:12','2022-11-14 10:00:12'),('acde201cf69f3f81afefb8f6c0b553d2d3ab2b5c3a36c61049baa117514b59fcc1fa50e11d452f93',1,3,NULL,'[]',0,'2021-08-25 04:17:59','2021-08-25 04:17:59','2022-08-25 07:17:59'),('ae2b2f97146e5fd4017f1bd29f7bd46a68fd945797c9e529aa39e8b36ef49c25556f6e9b4b4c5817',1,3,NULL,'[]',0,'2021-09-23 16:58:21','2021-09-23 16:58:21','2022-09-23 19:58:21'),('aec17fe99442b913b6ea6038f1d388c153b7344476a37f5f9496868166ea6aa94d6de9e5b15530a2',1,3,NULL,'[]',0,'2021-10-05 04:03:02','2021-10-05 04:03:02','2022-10-05 07:03:02'),('aef23a4190107402e9adb8e0bbe6446c08ab95b3412ede5b860b68a8bbe8d113db9bab1612450ef1',1,3,NULL,'[]',0,'2021-07-02 09:08:30','2021-07-02 09:08:30','2022-07-02 12:08:30'),('af40aad24b70a6bc6d44f77e51215d102ae338961989ee0cff4760ef6b1b162d008c4b74876443e8',1,3,NULL,'[]',0,'2021-10-18 03:09:23','2021-10-18 03:09:23','2022-10-18 06:09:23'),('af4edf23a4284837eb47ef189f34b452dc3a394593043d0e836e4050040f95475f5ddc95ddba338e',1,1,NULL,'[]',0,'2021-01-27 14:10:23','2021-01-27 14:10:23','2022-01-27 17:10:23'),('b09cda0896f0383116e940c01e9f59a21957787885188df0aee4b6f28fed884abae9a0d41205a685',1,3,NULL,'[]',0,'2021-12-04 05:15:59','2021-12-04 05:15:59','2022-12-04 08:15:59'),('b0bc0b38b4095a2866f5310a2cc77d810c840ab1857b97f5ec7cffa0aa9381f11a58eb8f71aa393f',1,3,NULL,'[]',0,'2021-10-17 08:48:06','2021-10-17 08:48:06','2022-10-17 11:48:06'),('b1ab4e47c49a5b9bc42a00604f0c458f359728e3e2039481851d4a91a7dd2a8e72917dd0737f57c6',1,3,NULL,'[]',0,'2021-12-24 09:53:45','2021-12-24 09:53:45','2022-12-24 12:53:45'),('b1af0e7c783969101962fb6ef166778a9fe933ac346b43b0bd7906afe9d9424f99de989bafb54515',1,3,NULL,'[]',0,'2021-08-12 16:32:31','2021-08-12 16:32:31','2022-08-12 19:32:31'),('b22684f15f84fa81b53563b688dd91927d326b6ad73d28baed1818c2f3d3e68fac334d8c32c5225f',1,3,NULL,'[]',0,'2021-10-18 07:43:13','2021-10-18 07:43:13','2022-10-18 10:43:13'),('b266e1ae6f6ae54d8a996429a48cc533efab6e491933251b999e0aea12d3d6354fe0fbe2d489ed67',1,3,NULL,'[]',0,'2021-05-27 07:42:02','2021-05-27 07:42:02','2022-05-27 10:42:02'),('b2e1d01d75b422fdf314dab686ae80bddd520ff6835aa9249c4cb77de6fbae680f9740efb1a0119f',1,3,NULL,'[]',0,'2021-07-28 02:14:12','2021-07-28 02:14:12','2022-07-28 05:14:12'),('b327c45957ef864842e276d3647255c685a851a082a593ded8a99b10752cf24f0bfae653425b37ac',1,3,NULL,'[]',0,'2021-11-12 08:01:14','2021-11-12 08:01:14','2022-11-12 11:01:14'),('b333fa216715d74eb8c85b64a463b4451c0ab2a92daef54dc719931312fe09827bdf7b7f63e1b1ad',1,3,NULL,'[]',0,'2021-06-01 08:46:39','2021-06-01 08:46:39','2022-06-01 11:46:39'),('b38f6dca660f05631197a25ddc87ad1b6be3806fbcff0e90ac8b7851da6c95ede700b64bcf65a3ae',1,3,NULL,'[]',0,'2021-07-18 13:40:06','2021-07-18 13:40:06','2022-07-18 16:40:06'),('b4290a8a782880da9c5bfc4b16d9363884100a6d3514265cd7988be6f03d0be9bea8bea2c0be8b59',1,3,NULL,'[]',0,'2021-09-21 10:40:20','2021-09-21 10:40:20','2022-09-21 13:40:20'),('b4928785a1816f189bdd9425878afeea300d87ea22e509a0ad1e1dfa09d3c70a3d4edf2dc84311df',1,3,NULL,'[]',0,'2022-01-24 04:48:20','2022-01-24 04:48:20','2023-01-24 07:48:20'),('b54006f06e715b2c34d6caabb092d5da113fada3f0016fdb66fb196a87341b66132566711eb887c8',1,3,NULL,'[]',0,'2021-12-03 05:12:22','2021-12-03 05:12:22','2022-12-03 08:12:22'),('b56adb017061943552ae30f0145fd7b0cb80cb589fd81f566bf4d9c8d3d47421df375c158e1c2a3b',1,3,NULL,'[]',0,'2021-10-17 08:47:59','2021-10-17 08:47:59','2022-10-17 11:47:59'),('b5d421f53e265fc6a2ad72ee65e1bb67a0c9cf7dbb40c5b4eb9f39a7d37a2c783b4bdbfdefe1c630',1,3,NULL,'[]',0,'2021-11-12 06:07:31','2021-11-12 06:07:31','2022-11-12 09:07:31'),('b5e9e4d295020c1684f670c8e7cf67910622e4f34639981a3cd8d368857268d1976c0cc063681fde',1,3,NULL,'[]',0,'2021-12-04 05:15:59','2021-12-04 05:15:59','2022-12-04 08:15:59'),('b601de47eced80c555cfe4ea67a6fe78f24cb9e6dbf2d006ee8b2a16f1c8afaa21224dd343c80a1c',1,3,NULL,'[]',0,'2022-01-02 14:36:38','2022-01-02 14:36:38','2023-01-02 17:36:38'),('b61ca6a1c520f6053152e67ee4c8d5054f7224d51a8c6db68e325b5edaa9a1b5feab3bc1d99f2cb4',1,3,NULL,'[]',0,'2022-01-21 04:40:03','2022-01-21 04:40:03','2023-01-21 07:40:03'),('b75c002df074828ba34eca5d77e022e55f7e3782401dd4cc11c55581bd9cfa672152203644e8ac4d',1,3,NULL,'[]',0,'2021-04-08 17:06:44','2021-04-08 17:06:44','2022-04-08 20:06:44'),('b8ebf541f2b64b1e8349ee9f1c9dde05739bc07e13849f773597701bb99362a8c0f97eee5102becc',1,3,NULL,'[]',0,'2021-05-07 05:55:06','2021-05-07 05:55:06','2022-05-07 08:55:06'),('bafabf661aa77b258f65c386e3b988a4fcdac1d9485823eb81ae20d6fef12f7ca3ada60035bc0dd5',1,3,NULL,'[]',0,'2021-10-30 04:04:24','2021-10-30 04:04:24','2022-10-30 07:04:24'),('bafb9d004e816550cb6df98c6f27d19a36bb593348e6b7fc2f0332b1b9a488108faa3816bcbabf36',1,3,NULL,'[]',0,'2021-11-21 07:22:29','2021-11-21 07:22:29','2022-11-21 10:22:29'),('bb1bffd88349548c4d57acd95942f0f361f36c60bbd63b20dd7ff5e9a73955dc823e196c837434d8',1,3,NULL,'[]',0,'2021-05-20 05:45:16','2021-05-20 05:45:16','2022-05-20 08:45:16'),('bb9a87f9f8859e987d92ff5899427ba5d336e6687b2adad6a72157f61310c3fea3d46505a63a39c3',1,3,NULL,'[]',0,'2021-12-27 16:11:37','2021-12-27 16:11:37','2022-12-27 19:11:37'),('bc0e34b6b0106dbc0ced2c83e944727b8637824415d0f0a0a86ed4ff3c0dba8416cb766f8383186e',1,3,NULL,'[]',0,'2021-10-12 02:36:26','2021-10-12 02:36:26','2022-10-12 05:36:26'),('bc16754c170de7db3cb6869ca8039691f39c574d0f28231909bafd186af41dcbf083bebeb9c1188b',1,3,NULL,'[]',0,'2021-07-08 03:45:08','2021-07-08 03:45:08','2022-07-08 06:45:08'),('bc538adaec058d5a8f8d02c4d6c3a0ceb2cb5275ed730992df2a763a386f635451d28a0ed719c08a',1,3,NULL,'[]',0,'2021-12-28 15:14:46','2021-12-28 15:14:46','2022-12-28 18:14:46'),('bcb8e248f33f6d0e5759f7e6bc249a6ae9d1534a5881298d80c8ec51be9bd8aa7eaba2bbcb0d472c',1,3,NULL,'[]',0,'2021-05-25 07:39:16','2021-05-25 07:39:16','2022-05-25 10:39:16'),('bcd7b6706061bbc448f9c69d08c5cb119f25ac2f1630c71778c28f32cb16533398472fffe26f8ae2',1,3,NULL,'[]',0,'2021-08-17 06:16:32','2021-08-17 06:16:32','2022-08-17 09:16:32'),('bd61ae970bc662bf756669894828de049278fa6153ec5428e2939549200aec951bd13e3cf53012e8',1,3,NULL,'[]',0,'2021-07-22 08:17:37','2021-07-22 08:17:37','2022-07-22 11:17:37'),('be3707614a8d9f9b81d74536732586a91268175873779645da1122ba252d1804de39d2953575bded',1,3,NULL,'[]',0,'2021-06-01 08:46:44','2021-06-01 08:46:44','2022-06-01 11:46:44'),('be8b160462de92099c9ed086fac67ac6ca5c24bf89eb1a25329178853df79a0c6cf7bc92e97b8d70',1,3,NULL,'[]',0,'2021-11-07 02:04:10','2021-11-07 02:04:10','2022-11-07 05:04:10'),('beea3a4eaebb34cfcff085882abdd7ac453c2eec2938e4d906af494c5c63db02d10ce8f2b91231e4',1,3,NULL,'[]',0,'2021-11-11 12:27:43','2021-11-11 12:27:43','2022-11-11 15:27:43'),('bf5ae816f485857f3747647d162e1dd943ffe4b40e7c36e04b7534f0a49c35b4c79293aeff4b5d14',1,1,NULL,'[]',0,'2021-01-27 16:42:27','2021-01-27 16:42:27','2022-01-27 19:42:27'),('bfb60b9b039ad6c2b52ea4d6556a87a2e3005a75ec81eccdc888d541d646bfa9a8998c49fde1714a',1,3,NULL,'[]',0,'2021-04-19 16:12:02','2021-04-19 16:12:02','2022-04-19 19:12:02'),('bff9b6dc2d0a3303902effd9070738597f922bf5c7b14c37561fd8f68bd55b47cddf4795a62922a7',1,3,NULL,'[]',0,'2021-06-05 11:22:38','2021-06-05 11:22:38','2022-06-05 14:22:38'),('c040ce0ea1f71bfe589ca189ac9f6127b0a48a77feaeb0753e62f6ab71fc6d91a46b86383dcc155d',1,3,NULL,'[]',0,'2021-09-25 11:47:37','2021-09-25 11:47:37','2022-09-25 14:47:37'),('c044fa822369e903cc707095878f516dca9da305ff8793035c6463aa1f5bf1f5f090f000164924c4',1,3,NULL,'[]',0,'2021-11-01 15:11:33','2021-11-01 15:11:33','2022-11-01 18:11:33'),('c14a75895bacd688decd5582e1a467e6d538b85dd16f640be6c0701f768e7a1c3c3fed76899170f7',1,3,NULL,'[]',0,'2021-08-10 04:37:08','2021-08-10 04:37:08','2022-08-10 07:37:08'),('c19c031e105b44d0045bbbfaa3d2c382b7770c0624e23baff9f17a0aa009659e7c8880d3fd219267',1,3,NULL,'[]',0,'2021-07-27 13:20:08','2021-07-27 13:20:08','2022-07-27 16:20:08'),('c1bef5136251669a4f1ef1344c4008b157b99430b82c2b6584153b57ef0da720dc1ead039ca3cacb',1,3,NULL,'[]',0,'2022-01-25 02:55:27','2022-01-25 02:55:27','2023-01-25 05:55:27'),('c1fef511efd424d5a7cf2393023a0f7683b1ab5b2798045cd72017357d53c3be25f40e13c70ff2aa',1,3,NULL,'[]',0,'2021-04-22 07:20:14','2021-04-22 07:20:14','2022-04-22 10:20:14'),('c21d5317ce014b8849ad36ceb14794f0e0e7db8a9b04748bda34b9cb0913938908ba3d4eac93a23b',1,3,NULL,'[]',0,'2021-11-21 21:29:03','2021-11-21 21:29:03','2022-11-22 00:29:03'),('c26302fd462036157b63f4fb8fb754bd92b30bcd4913cd77ecce0d1053ae613ccb638e2d0484320c',1,3,NULL,'[]',0,'2022-01-12 07:58:45','2022-01-12 07:58:45','2023-01-12 10:58:45'),('c2d8c2e1299394cee7e1a6ebc9746ba423bda83b4e0fa3da5c2195f3aa51dce1272e8102bbffe2c4',1,3,NULL,'[]',0,'2021-11-07 07:04:48','2021-11-07 07:04:48','2022-11-07 10:04:48'),('c32d38428ebf483078ab582eff7f00410f22a9552802d3956c27948d1fcc0bedbf948842a0a51ba5',1,3,NULL,'[]',0,'2021-10-17 15:51:34','2021-10-17 15:51:34','2022-10-17 18:51:34'),('c36ff49450a3914c822786cf52ec268c7919905a614056b1cd2aa5d981123dbe6426a4492eb817a6',1,3,NULL,'[]',0,'2021-07-27 06:44:49','2021-07-27 06:44:49','2022-07-27 09:44:49'),('c3abd02f64aebd395d7a22e575c54d17ba55d1c483f328ab77b7ee7d1989d090eb72c6280d288ed9',1,3,NULL,'[]',0,'2021-06-18 06:07:23','2021-06-18 06:07:23','2022-06-18 09:07:23'),('c4e99644fa8e865e90ca2fddaea33b715281b0a93907277af029a77b8ab0b514ec4a04a1dd148e20',1,3,NULL,'[]',0,'2021-06-01 08:46:45','2021-06-01 08:46:45','2022-06-01 11:46:45'),('c6b42bdb18f2403fa823f758100649012881248ba5216b4f174cdca1f835f3ea8560da4f372a7061',1,3,NULL,'[]',0,'2021-07-26 15:25:02','2021-07-26 15:25:02','2022-07-26 18:25:02'),('c748b210373e72e1e3b88f8616b48f1952b68d6f05ff4c81a67d478b8800f6960498d68541d9b885',1,3,NULL,'[]',0,'2021-12-13 15:31:08','2021-12-13 15:31:08','2022-12-13 18:31:08'),('c78d05e8c8bc7d3d864760e0e1b8b34363dd2bc08fc3c0d39e17833b9ea641d4bb3dbf96540dcee5',1,3,NULL,'[]',0,'2021-10-17 08:48:02','2021-10-17 08:48:02','2022-10-17 11:48:02'),('c79ea33e32058201c222d5e9a1878d6651817dc33cceaa777e049785231563dce8a8b4a57daab713',1,3,NULL,'[]',0,'2021-06-20 13:14:12','2021-06-20 13:14:12','2022-06-20 16:14:12'),('c83dc278262b9931b1b455b3b9e2d301ce96d5282fb024722da50db7a74f6449f4562a9c8168e590',1,3,NULL,'[]',0,'2021-06-01 08:46:47','2021-06-01 08:46:47','2022-06-01 11:46:47'),('c88f6b45e5d2cb61299df1dffaa4488c30e575d5c13afe40b5fa9d62ce42711fbaa8b6b12c47d7f6',1,3,NULL,'[]',0,'2021-09-23 16:12:54','2021-09-23 16:12:54','2022-09-23 19:12:54'),('c92cc281b8f41473a0813e9a2499fce5561e878cdf8323620572ffc1091326f88ce40e4904cef250',1,3,NULL,'[]',0,'2021-10-27 10:23:18','2021-10-27 10:23:18','2022-10-27 13:23:18'),('c960bf4847510ecf4c4f5da8b13286f26b5714c24b793df08ca3620883472ece0757149464d3e562',1,3,NULL,'[]',0,'2021-07-21 08:16:01','2021-07-21 08:16:01','2022-07-21 11:16:01'),('c965db01c37fd22904180f3c19d11331303327eedb680d30a78da0b4e6d089d434733b7a2e6ea543',1,3,NULL,'[]',0,'2021-10-07 05:18:20','2021-10-07 05:18:20','2022-10-07 08:18:20'),('c9f28e3024f6d7496cae4ad689250ebfa85dac42b53501210a68e81f24dde88906b3f3686ca5ccf1',1,3,NULL,'[]',0,'2021-10-02 09:39:57','2021-10-02 09:39:57','2022-10-02 12:39:57'),('ca112c58b00463b92abda944470cfd15fe96b5390c3546a53b6eb58f24a75aae875202ff1983683f',1,3,NULL,'[]',0,'2021-06-01 08:46:41','2021-06-01 08:46:41','2022-06-01 11:46:41'),('caa6b78a148dbaee5ac48f88138f1e7b25256754376701ca15b9b6968e90a9975d6a600e9a476a4b',1,3,NULL,'[]',0,'2021-08-05 09:13:17','2021-08-05 09:13:17','2022-08-05 12:13:17'),('cae35379cd2f77e88f18c6eaf82b96ceb88338c813a7a0bcb86b6ceac7fbb29dca3dee0a82f1508c',1,3,NULL,'[]',0,'2021-04-26 15:55:47','2021-04-26 15:55:47','2022-04-26 18:55:47'),('cbb163a9f9d5a43ad74d1a931e607e0615fb4cbf5bff0c6303130e952c7cc5eef61efc06f99a8b14',1,3,NULL,'[]',0,'2021-10-29 15:34:30','2021-10-29 15:34:30','2022-10-29 18:34:30'),('cc20fc102e3c0d328536aaf7c2668bc05680abe085c1257ea53ad83870813c9e8310ef10250f5e34',1,3,NULL,'[]',0,'2021-05-28 10:54:21','2021-05-28 10:54:21','2022-05-28 13:54:21'),('cc28ff05898aae118ceb6ca872582cfe8f8752429b5441d1ece9981e3b9c09f3c89b2df646ed6d2c',1,3,NULL,'[]',0,'2021-10-11 03:28:33','2021-10-11 03:28:33','2022-10-11 06:28:33'),('cd0088fc30bb070f0ce30ccb06f89ad8f168ac4e9a023ce269cd968bf29e44e47a29b639d7038e6f',1,3,NULL,'[]',0,'2021-10-17 08:47:54','2021-10-17 08:47:54','2022-10-17 11:47:54'),('cdd699e7f6a3fb7ab4bf1fe076e26fa5879138770ed03c9ea5e563f2622354e658344c9a5e2a9a74',1,3,NULL,'[]',0,'2021-07-17 03:05:26','2021-07-17 03:05:26','2022-07-17 06:05:26'),('ce50f49a229972a0ee543a817579701a2a4d8264d7e863ebd4035e8a998ffe55f3a3eabcdfbd60d5',1,3,NULL,'[]',0,'2021-11-18 09:33:18','2021-11-18 09:33:18','2022-11-18 12:33:18'),('ce561d7c3d88578bb4a82266017261ca83f766871627b35de8ded2387a5236e823e488f50159d72d',1,3,NULL,'[]',0,'2021-09-21 11:42:15','2021-09-21 11:42:15','2022-09-21 14:42:15'),('d0223ffd9267e35aae8f22a4b512d67be0e8181231a18458f5739b0cbb590a9071b78ba348ae35bb',1,3,NULL,'[]',0,'2021-10-18 03:56:31','2021-10-18 03:56:31','2022-10-18 06:56:31'),('d08c29af30856b5d37f0f6c5143dfbfb842e0e410641bdd3b0e528ebf7dfc41692c33a74c1557a02',1,3,NULL,'[]',0,'2022-01-12 09:53:19','2022-01-12 09:53:19','2023-01-12 12:53:19'),('d0b767e1f345ae9fa7bfd8e8bc14f2a87935674a3f64f663a5d66001258632ca322a350c0460862b',1,3,NULL,'[]',0,'2021-06-27 09:13:52','2021-06-27 09:13:52','2022-06-27 12:13:52'),('d116e21d2df6dfc3364995f7fa36e186e851e7903f665644c71c4ae56b913b2cca470bb0f689d751',1,3,NULL,'[]',0,'2021-11-24 08:49:26','2021-11-24 08:49:26','2022-11-24 11:49:26'),('d15e6212348934eac5072a818c70f29105b8f12a37dcb25e070a5328b631af65caf93a4c5a2df3e0',1,3,NULL,'[]',0,'2021-10-11 03:36:13','2021-10-11 03:36:13','2022-10-11 06:36:13'),('d194fba2d5f7ce06e1bf30b49029230bc0483df60995f60604aaf0cc2c095e7e1212db52d0112ada',1,3,NULL,'[]',0,'2022-01-06 02:29:26','2022-01-06 02:29:26','2023-01-06 05:29:26'),('d259d19ed452bb1189a8d7ea3f69c4309345b8de0c38bc3314f152c1fb10645f8c801ceae5143701',1,3,NULL,'[]',0,'2022-01-05 07:02:25','2022-01-05 07:02:25','2023-01-05 10:02:25'),('d2641ae13b64088bf705034deb8c52d6e5e566320e93dfaaf6416dbb2b7c34523dcc132fddc2982a',1,3,NULL,'[]',0,'2021-06-06 15:31:18','2021-06-06 15:31:18','2022-06-06 18:31:18'),('d37db39b7b76456bf2404aa0baa855264168828cb27083ebcc79223c51ef54f8e815ab55339cc693',1,3,NULL,'[]',0,'2021-04-30 05:45:03','2021-04-30 05:45:03','2022-04-30 08:45:03'),('d3a1563bc39d33b5f4d903b595f42a463ccb56f41989ff20ea8441607570916a9b487d4ca6ff61af',1,3,NULL,'[]',0,'2021-07-28 04:10:08','2021-07-28 04:10:08','2022-07-28 07:10:08'),('d4239c0255bded4a90a74cbf17a5c0a44910f9e66a2cbb7fe07eb1d3c856af72552d486a629a9cd8',1,3,NULL,'[]',0,'2021-08-14 15:24:05','2021-08-14 15:24:05','2022-08-14 18:24:05'),('d42e83aa64ed14e793d326c465bb91f7ba16fbd8b4682e98d0aa6661a99ab71561b68c2e2c506dff',1,3,NULL,'[]',0,'2022-01-12 09:56:28','2022-01-12 09:56:28','2023-01-12 12:56:28'),('d4a47ae517b79d2c8280c95738b8c32c7217b3671d884ca0fed90cfd5aca5b1c2f97a1b1715b6e8a',1,3,NULL,'[]',0,'2021-11-08 07:37:30','2021-11-08 07:37:30','2022-11-08 10:37:30'),('d4d813f948d428a77ac51ee1585c8ef3320b4da98190c2ca88448509d7e053e3560f43fc78ec9ff3',1,3,NULL,'[]',0,'2021-12-08 03:53:56','2021-12-08 03:53:56','2022-12-08 06:53:56'),('d5a31338b38671a4574e6d908359dce2fe7623432d0ca490ca2b944a668ee89e7c18407a55b25871',1,3,NULL,'[]',0,'2022-01-14 06:18:49','2022-01-14 06:18:49','2023-01-14 09:18:49'),('d648c55a7523c820cf642ebb52809165bfcee0fca8834f8c48b0b6abc976d4e88fbfe35bca36cadf',1,3,NULL,'[]',0,'2021-10-05 03:27:26','2021-10-05 03:27:26','2022-10-05 06:27:26'),('d7eb8ccb2ba75f24f407b46b81d352415651b51576cac16ca70dd14b3a55189b5a1bc7a4c47c915b',1,3,NULL,'[]',0,'2021-12-28 14:03:37','2021-12-28 14:03:37','2022-12-28 17:03:37'),('d7f43962805ea7d8fd157f01d9435ed5ba93e1fce30768f494e1cc123b59d28b2f64dee5dab1fa15',1,3,NULL,'[]',0,'2022-01-24 04:49:05','2022-01-24 04:49:05','2023-01-24 07:49:05'),('d816f62ddb22408e978e5d2c24a2e9f483676841d803d4b31dfac3026ddf72e6428bfc124ad34996',1,3,NULL,'[]',0,'2021-10-03 11:38:36','2021-10-03 11:38:36','2022-10-03 14:38:36'),('d81e1aff891e0e176972899678db5beb99860908b8f2fd2ca0f62bc17ec6212c1dd05c071612b57a',1,3,NULL,'[]',0,'2021-04-26 15:56:34','2021-04-26 15:56:34','2022-04-26 18:56:34'),('d869796c32668fbbf39a835ad54f6ce6e31eed7b1b3dbca4e7c1d50c1267349ad40cd4bfd850280f',1,3,NULL,'[]',0,'2021-10-17 08:48:03','2021-10-17 08:48:03','2022-10-17 11:48:03'),('d8c8f435f84085fae830585ab3bb2e8abbc3298d9d3614ceb3707e844f6835ad5343e79ca4317569',1,3,NULL,'[]',0,'2021-10-20 06:29:31','2021-10-20 06:29:31','2022-10-20 09:29:31'),('d8e8ee482e05ab3105fe3fa450d091438c1fd5867befb5b51bdca2703855d07a8e96ebf6ad3f4006',1,3,NULL,'[]',0,'2021-10-11 03:21:33','2021-10-11 03:21:33','2022-10-11 06:21:33'),('d937b07d44e2ef6d24cce0a8556a0e8d6b4dedbeff05655d39045c3cca9c179e2dadf0d0a57d2f8d',1,3,NULL,'[]',0,'2021-08-24 02:14:36','2021-08-24 02:14:36','2022-08-24 05:14:36'),('d9389e1d94a24c7e700076328898db9dd86ce020bb55ed7cce8b0e153b7c286156b37dfeba146c90',1,3,NULL,'[]',0,'2021-10-05 09:17:49','2021-10-05 09:17:49','2022-10-05 12:17:49'),('d9a09d091f3d67464d788ee45ba9edcff90e3ad0928cab3c5a08bc76a3929fe9494cd188f10aa9e8',1,3,NULL,'[]',0,'2021-12-29 04:51:53','2021-12-29 04:51:53','2022-12-29 07:51:53'),('d9bdceefe100558cb2aa4c40077375421b7325275971db715ac095a92bcec9402569597728b833d6',1,3,NULL,'[]',0,'2021-05-24 07:42:03','2021-05-24 07:42:03','2022-05-24 10:42:03'),('d9c00a2b268cddd6223df3616043efedcadb2a36083bd231d9bb23398a812b474b645d379a9486f6',1,1,NULL,'[]',0,'2021-03-06 06:29:38','2021-03-06 06:29:38','2022-03-06 09:29:38'),('da4a4d36c5e7206359d0932a97085ca43c73a52b6ed4ce60e90b0a2a22834ab4b8720833607cf650',1,1,NULL,'[]',0,'2021-03-06 06:26:48','2021-03-06 06:26:48','2022-03-06 09:26:48'),('db0f58c4fa6fbd958c96e54b65ac4b618671c7de63795033602adee2db6337e55073af880a582fca',1,3,NULL,'[]',0,'2021-12-14 04:23:59','2021-12-14 04:23:59','2022-12-14 07:23:59'),('db21f79adc97f514d8ea91f47bf06faa4363f6960cb3555f8fdc374abdc8f28c6d79b13270136375',1,3,NULL,'[]',0,'2021-12-30 01:56:11','2021-12-30 01:56:11','2022-12-30 04:56:11'),('dba9345818128c33916019f59334c9f706922bc580d167ac4a89bf45ee163125c2e0a571b67f8344',1,3,NULL,'[]',0,'2021-12-29 13:14:17','2021-12-29 13:14:17','2022-12-29 16:14:17'),('dbe78a38cceea7c003e945aad9ab205d7d9c6b44a19df433598a94cd8e42207c794acad2a1e9a45a',1,3,NULL,'[]',0,'2021-12-23 15:00:47','2021-12-23 15:00:47','2022-12-23 18:00:47'),('dc85529dee841e1885213d23eab97b10ac0278eb776e52fd83086dd0232fd5485cd06da3f4c192b5',1,3,NULL,'[]',0,'2021-04-08 04:56:19','2021-04-08 04:56:19','2022-04-08 07:56:19'),('dd5bab1d4fa6a292a95a99905b94360463e4a39d9e23edd509d3ce790db2fb81eca33830baa6ff5d',1,3,NULL,'[]',0,'2021-11-15 20:13:41','2021-11-15 20:13:41','2022-11-15 23:13:41'),('dd9f63bcc6782733f18b7b4ae433d876625068d76a28848fca7e8c838874f9a70eaf3d2ce932bb1a',1,3,NULL,'[]',0,'2021-09-22 15:00:18','2021-09-22 15:00:18','2022-09-22 18:00:18'),('dde5f42b306269f21bfca3d448ac66d5dbaf6e7138ea7c09b444ef638a666bafcb31cf3fc9630b6f',1,3,NULL,'[]',0,'2021-10-02 12:01:02','2021-10-02 12:01:02','2022-10-02 15:01:02'),('de084638ac8759ff06be7c3ceebed16ec9f14f6598161f1ec6411888e41a93570f8fbec934a307aa',1,3,NULL,'[]',0,'2021-11-30 15:38:22','2021-11-30 15:38:22','2022-11-30 18:38:22'),('de171752225fd068149a40364e6970de907e7ec2c7bb56607907520537fd6d72c2cde292cb84a7bd',1,3,NULL,'[]',0,'2021-10-18 04:21:21','2021-10-18 04:21:21','2022-10-18 07:21:21'),('de6cfa1b6f92ba7c2b3d9a4063ef2f67fe11bcf96f27e69f2e4e24180bdfc211a205a56ee7b8aed5',1,3,NULL,'[]',0,'2021-10-07 08:25:55','2021-10-07 08:25:55','2022-10-07 11:25:55'),('decd08ad794c4990c8ea0eeeb3fdb97c175aa34b2922babc5322f22fb93e3382ac345b4dcf0a35c1',1,3,NULL,'[]',0,'2021-10-03 06:40:06','2021-10-03 06:40:06','2022-10-03 09:40:06'),('dfcd118be67d4a3128d81096e7f4a8432bf5627f6ef3b123d0cf5c51614135375d3efa5e8b2aea9a',1,3,NULL,'[]',0,'2021-06-01 08:46:38','2021-06-01 08:46:38','2022-06-01 11:46:38'),('dfd2f741691f8de56598ad5aaee131f65bec81fa66e9280e32d5ef51f3d31e51cbd07648e23270ee',1,3,NULL,'[]',0,'2021-12-16 15:16:26','2021-12-16 15:16:26','2022-12-16 18:16:26'),('e090a2a0fa75452d70ddd8352fa89a877236c8759692479d61b195a303824cba2970f1072f80fcc4',1,3,NULL,'[]',0,'2021-03-18 10:29:47','2021-03-18 10:29:47','2022-03-18 13:29:47'),('e0faf6e67e3a682861374d8e92e8cb15cfa007ce376f337de414f181e626820de69e3af7d337766d',1,3,NULL,'[]',0,'2021-10-19 04:53:04','2021-10-19 04:53:04','2022-10-19 07:53:04'),('e0fc507a7eda1071bb0d6e0d3575a7e592888089f522458926cc3459b812fce0950b8cb7176dc73b',1,3,NULL,'[]',0,'2021-11-19 07:08:26','2021-11-19 07:08:26','2022-11-19 10:08:26'),('e1f8526cf02d248598f8a5f81d1fe8b5bbc8462b022b64335f6944fbb1a4a2f29ce48e212d73b69a',1,3,NULL,'[]',0,'2022-01-17 10:24:53','2022-01-17 10:24:53','2023-01-17 13:24:53'),('e28dd72589e3ae5f25c0d7aa055f56be828ac4cedfdfbba9c49ed0010a8c6d665e68d1ad2ea44f55',1,3,NULL,'[]',0,'2021-12-27 03:23:02','2021-12-27 03:23:02','2022-12-27 06:23:02'),('e2998af146b36fd911416adb7ace6206fdcf3fe2363d2bfa03d8e9a6f589b8b243d54dd6656a8083',1,3,NULL,'[]',0,'2021-09-03 14:32:23','2021-09-03 14:32:23','2022-09-03 17:32:23'),('e371d62419faffa20b03c474c9acc4829f23757bb398634560df9d10daff22f07520ce55ae9532a9',1,3,NULL,'[]',0,'2021-11-20 17:06:03','2021-11-20 17:06:03','2022-11-20 20:06:03'),('e38618f84f40e56e0bf5e8394b78645d7210c10e5ffae6ef21e73f51e7d3c9c691f62b92fbddc764',1,3,NULL,'[]',0,'2021-10-04 23:16:32','2021-10-04 23:16:32','2022-10-05 02:16:32'),('e3fd9067acd15aa7594289207356415b3575c5d2e07ab04fd7ee1cd41604bec4b79395d89b7f5bb9',1,3,NULL,'[]',0,'2021-11-02 05:17:26','2021-11-02 05:17:26','2022-11-02 08:17:26'),('e43a18af7dcf858a8f8969d0925106395c31d26275044b3f36f45fbb96e0d10dd6fb3c699c4942a7',1,3,NULL,'[]',0,'2022-01-12 14:33:49','2022-01-12 14:33:49','2023-01-12 17:33:49'),('e52b4a1949693d1ac31d050ce061b9e2fea758d42f523e70a1105b5f506ca5f90f9afd79373ec192',1,3,NULL,'[]',0,'2021-05-11 08:24:17','2021-05-11 08:24:17','2022-05-11 11:24:17'),('e55d2370d8992fbe66dfaae5348b3ff11bcd062774c47d9951ca7cc47cccc56a88a3d12de710bcbe',1,3,NULL,'[]',0,'2021-10-18 10:11:02','2021-10-18 10:11:02','2022-10-18 13:11:02'),('e5e2bb9dfc801ff9d3d8f3c66be08f7600a8bbb2cac3df649a032ac035fe858bac22f7d944708f6b',1,3,NULL,'[]',0,'2021-12-01 05:28:48','2021-12-01 05:28:48','2022-12-01 08:28:48'),('e74195ac7f5641d1028157c2dd796e69a27a3e3ae650b74fe91d166109371bf49f793ac8fae35ac8',1,3,NULL,'[]',0,'2021-11-17 17:12:02','2021-11-17 17:12:02','2022-11-17 20:12:02'),('e759fbcfb5642c790e24866146649295eca373ce6fe9d4ccef18a44008804e3fd6e852bcd1d0d903',1,3,NULL,'[]',0,'2021-06-12 14:57:43','2021-06-12 14:57:43','2022-06-12 17:57:43'),('e789ccf9d9e74ca8e4b00f5f21fcfe32e6b14122b1eaeedfcd292c8dd5cd345313ccdc64f9138a11',1,3,NULL,'[]',0,'2021-11-16 05:50:43','2021-11-16 05:50:43','2022-11-16 08:50:43'),('e7c7e6b15c962d8e16e4d62dd68fa679a6117f75863028024cf97c65049e357073690c6b7cc64136',1,3,NULL,'[]',0,'2021-06-11 03:56:11','2021-06-11 03:56:11','2022-06-11 06:56:11'),('e8bc47e14f3766754a2ea4807abfd769791ef1b1041bdee0e5bb7d682b9052be871390420bcea938',1,3,NULL,'[]',0,'2021-12-08 09:43:28','2021-12-08 09:43:28','2022-12-08 12:43:28'),('e8e816528399420739fdb8dec063f62c2af93726c85096dfa3c872786bab72c4d182fa7004586876',1,3,NULL,'[]',0,'2021-09-24 10:22:26','2021-09-24 10:22:26','2022-09-24 13:22:26'),('e9efcf7cf04892366161cff2b667dc50ee2a8a0d7504deeea85a277e631b4fcb675ada5e2c2eb6ce',1,3,NULL,'[]',0,'2021-12-07 18:21:14','2021-12-07 18:21:14','2022-12-07 21:21:14'),('ea468ceae9cf1bc0e0a2eb4afe9ca673a1e67c99ffcb70a058dbaa515820e5f850743be47b24482b',1,3,NULL,'[]',0,'2021-10-19 16:10:18','2021-10-19 16:10:18','2022-10-19 19:10:18'),('ea56fa1398bbb3247125f79e9d666b22314b2c378b1261c72280f3d97355fa59534e0a3d79d0b845',1,3,NULL,'[]',0,'2021-04-11 15:22:26','2021-04-11 15:22:26','2022-04-11 18:22:26'),('ea7bbf0dd9b86ebeeaa06b2712a2451235af26c6119db7f22ba7a4b3ec9e8e171917875388dc4073',1,3,NULL,'[]',0,'2021-05-01 04:32:56','2021-05-01 04:32:56','2022-05-01 07:32:56'),('ea8818173374b87685a873277178fbeabf13ed4a231b729f1aa64c2eee6125d113706fc75eaf586c',1,3,NULL,'[]',0,'2021-05-16 11:18:10','2021-05-16 11:18:10','2022-05-16 14:18:10'),('eb124c623734b1d2d54a52f6245c45b7cfd128c27b2b252074fe610ebe91757191b9ee9925026191',1,3,NULL,'[]',0,'2021-09-11 08:25:36','2021-09-11 08:25:36','2022-09-11 11:25:36'),('eb4e533ce7d3ba43ad134ac2fa5771b18f3fd5ce815396d77951d489971d7c5400063e59487e9a10',1,3,NULL,'[]',0,'2022-01-15 18:05:23','2022-01-15 18:05:23','2023-01-15 21:05:23'),('eb96d40280f06cf71892bcc758b537c703a3c431831d0ebffdd47954a4f08630c3068c303d50f55a',1,3,NULL,'[]',0,'2021-10-15 07:36:07','2021-10-15 07:36:07','2022-10-15 10:36:07'),('ebe9f699c039bfb5224cf34daadb3d668e30b357ea00111adc315fac0366f2bd2931d0a11d34eac0',1,3,NULL,'[]',0,'2021-12-06 08:41:23','2021-12-06 08:41:23','2022-12-06 11:41:23'),('ec22c8e5b12476cd2cd6a74683dd9e79fe6e7f904802eee65a9bd01fd66d605ba8a4ecceef5ece58',1,3,NULL,'[]',0,'2021-08-15 15:52:02','2021-08-15 15:52:02','2022-08-15 18:52:02'),('ec55346fd5e19f378ac2ad30113dc67c2e3c1b7240ba12fe53b87be1b8be4fc0e15288385a93d566',1,3,NULL,'[]',0,'2021-10-17 08:48:05','2021-10-17 08:48:05','2022-10-17 11:48:05'),('ec7d8597bc77287e53f1b824409c9146604c56c9bcd03c588c0dbb7db0fbe5ff905effc26cddf387',1,3,NULL,'[]',0,'2021-09-20 04:17:22','2021-09-20 04:17:22','2022-09-20 07:17:22'),('ecc26fd0f542cd79640644a6db078ff0100303414de6cc0ad95ca664d0178110f4e8eca48c04df8c',1,3,NULL,'[]',0,'2021-06-09 05:02:02','2021-06-09 05:02:02','2022-06-09 08:02:02'),('ed06665927a16583327c8da9de1bafc0864acd6937c29e12787a880f9b3f5ce9ae83c4b104df44bc',1,3,NULL,'[]',0,'2022-01-05 07:18:38','2022-01-05 07:18:38','2023-01-05 10:18:38'),('ee45793d3d5d801891256b9fcc1faedfd4e824753c6d4a31aa6bfe48bd2970c870ca6f8ee4d2f83b',1,3,NULL,'[]',0,'2021-09-08 17:04:45','2021-09-08 17:04:45','2022-09-08 20:04:45'),('eee51804738ed509125681fa95746b4ab72550c3341af6b194fbff4d471ccea680afed05bae9b42a',1,3,NULL,'[]',0,'2021-09-08 17:04:51','2021-09-08 17:04:51','2022-09-08 20:04:51'),('ef6ba615ef19e481773f3c917d1700b119d325afe166497178ff76e6f6af7477782e8bccb38c23f3',1,3,NULL,'[]',0,'2021-04-25 04:54:37','2021-04-25 04:54:37','2022-04-25 07:54:37'),('efb659cbeeaa9fadac2057cd55180a327776eb0795ad746b855918fdc9409585a17b0e5731dbd70a',1,3,NULL,'[]',0,'2021-12-28 10:11:21','2021-12-28 10:11:21','2022-12-28 13:11:21'),('efd81012076bb5b7599bb0967684ae8c3bbc2064ab0a42412e3841abf7367050598dcdbfe46447ff',1,3,NULL,'[]',0,'2021-12-15 16:30:57','2021-12-15 16:30:57','2022-12-15 19:30:57'),('f15f66246c37b8002df40d09785c5a0ad08559d5de37f1109870a5a6faf6f3338d65aee3ecce3add',1,3,NULL,'[]',0,'2021-12-21 10:20:23','2021-12-21 10:20:23','2022-12-21 13:20:23'),('f19440635c8688e6ccf4500c37ee4dc02cf8b4ceac4591a72852647f808f5024fd2971cf118ecdb0',1,3,NULL,'[]',0,'2021-10-13 07:26:35','2021-10-13 07:26:35','2022-10-13 10:26:35'),('f268cb5bc484aa6a94dbb5bd52159a5d0d7686f904c0ae7adceb4fa3968ac01124b019452c059619',1,3,NULL,'[]',0,'2021-10-17 12:40:40','2021-10-17 12:40:40','2022-10-17 15:40:40'),('f2f674196b28613e988bfaadd1f46b32afc349c0853540ee0c74ee22e5a2e36d9adfde59203a3b68',1,3,NULL,'[]',0,'2021-06-10 07:54:24','2021-06-10 07:54:24','2022-06-10 10:54:24'),('f2f6ba6df02d4ae499becd4c528f24804ebb61f05399df2b1639c0a1d766afca0dc72264445e51b2',1,3,NULL,'[]',0,'2021-09-03 04:00:30','2021-09-03 04:00:30','2022-09-03 07:00:30'),('f42d693494c8a107d0baa06c7a859ca014c5eb056908c800c4da3643d269479a71fbe891c8de12d7',1,3,NULL,'[]',0,'2021-10-03 16:07:41','2021-10-03 16:07:41','2022-10-03 19:07:41'),('f442ae0e2bbc30ede8f2a072f89ecf887b4ac00db254d4f899b56f6252534a2d34af8c4daaf3b01f',1,3,NULL,'[]',0,'2021-12-23 13:18:34','2021-12-23 13:18:34','2022-12-23 16:18:34'),('f7284b8013ca81ae4e562c8f304d12e677bcd9fcd648dcf642a966649b78ea58720e4104f4baf85b',1,3,NULL,'[]',0,'2021-07-17 06:16:53','2021-07-17 06:16:53','2022-07-17 09:16:53'),('f770b46be929866ca02081e3efe326614e5f479ea7d3a492f9a5181f28ad10ffe77954f2539ca049',1,3,NULL,'[]',0,'2021-12-17 04:57:43','2021-12-17 04:57:43','2022-12-17 07:57:43'),('f8484278a6a2d428faece8de7896aa6843d17660e755d0ea4e7b0db64fa7a064727844e9ac2324f1',1,3,NULL,'[]',0,'2021-12-02 11:10:18','2021-12-02 11:10:18','2022-12-02 14:10:18'),('f88dc400a5e1a0c7f9305940ad2b1b48b445a1d9bcaf37afb165c9f644e7c12f9fb964487848827a',1,3,NULL,'[]',0,'2021-12-11 15:22:51','2021-12-11 15:22:51','2022-12-11 18:22:51'),('f8f04d664806f611af092b68d52d5326f6ed76315cd05c88b95d2f9f8202083ac614b0cc645acf68',1,3,NULL,'[]',0,'2021-12-24 15:29:58','2021-12-24 15:29:58','2022-12-24 18:29:58'),('f910b87a8d81ff67688f869605b19abc2a3c4a24f19cd00318595ed23bf32bd917d2914a49ba5328',1,3,NULL,'[]',0,'2021-10-23 11:39:06','2021-10-23 11:39:06','2022-10-23 14:39:06'),('f962f5147b12fbb095695db08d909164cb0fd64a41fd7cce837de977921f1051e9da673d46ca4aab',1,3,NULL,'[]',0,'2021-11-17 19:16:01','2021-11-17 19:16:01','2022-11-17 22:16:01'),('fa1365445cefc953e200b85e7f58294a513abc639b5ac50780f4789309c8a6e79b4580ea8e60aaa4',1,3,NULL,'[]',0,'2021-12-28 04:33:35','2021-12-28 04:33:35','2022-12-28 07:33:35'),('fa1f9ce94625d277c78825e14f274427777d263bdc93d05da5bb91b2b5175f830da3663f11e2b40b',1,3,NULL,'[]',0,'2021-05-14 05:07:33','2021-05-14 05:07:33','2022-05-14 08:07:33'),('fa737597d55d063c4ca540021cd3e345bb43a0640c663a2bfef38ffce5a168b3d552f3d8d49c453d',1,3,NULL,'[]',0,'2021-09-09 03:15:20','2021-09-09 03:15:20','2022-09-09 06:15:20'),('fb3c2fb5d125b796e5de90d538e3232c13901498433903b90633b03a34e5f4a50bfa3e5aff4677b4',1,3,NULL,'[]',0,'2021-06-27 09:13:56','2021-06-27 09:13:56','2022-06-27 12:13:56'),('fc58a23d1a1167364ab0e7effe1d4ed12381d8b144bce0e7616afb619899bfeca95ac821a45f13b5',1,3,NULL,'[]',0,'2021-12-23 05:38:46','2021-12-23 05:38:46','2022-12-23 08:38:46'),('fcb19d04e7dcbeacb86d55deea097173f01525fe4dc5bc0fb919f1bdfa96227329c9fa52438ab180',1,3,NULL,'[]',0,'2021-12-19 03:07:03','2021-12-19 03:07:03','2022-12-19 06:07:03'),('fd1cc49c83b8249d8210f6c777618d577a3b769aa5d29681f02b89e69534b0becf89d2a07da92f1f',1,3,NULL,'[]',0,'2021-10-08 05:12:16','2021-10-08 05:12:16','2022-10-08 08:12:16'),('fd33b9d1fc14683f89696ac84ec1773858ed624beb665cc925699f44a9510bb64071d9f2a4f86c23',1,3,NULL,'[]',0,'2021-08-22 05:00:57','2021-08-22 05:00:57','2022-08-22 08:00:57'),('fd4ababa703324f50f70ee597fdc6df260514418412ca31f4b5703ffbfdf352bd244e6113c79f943',1,1,NULL,'[]',0,'2020-11-23 17:40:23','2020-11-23 17:40:23','2021-11-23 20:40:23'),('fde6668510486a14e61703f0f266a7e2f5e5f542230852fed90f0184fdc14c300d1b33a4eb2dd022',1,3,NULL,'[]',0,'2021-06-05 16:57:26','2021-06-05 16:57:26','2022-06-05 19:57:26'),('fe429768c87d9bcc9bb55c6bf1ffa2250ffcad1eb41432c02a91f9297a8e8b2ebd400331e5746566',1,3,NULL,'[]',0,'2021-08-17 06:16:30','2021-08-17 06:16:30','2022-08-17 09:16:30'),('fe575f6ecd32d13618fbf99f5662f85a610fe951ca8ae5eec8b0c7f2cf8001b24308faf50e3fa9ab',1,3,NULL,'[]',0,'2021-07-18 13:40:04','2021-07-18 13:40:04','2022-07-18 16:40:04'),('fe68d1e32233eed998b1ec565b2f6ee34fe4c97d5b50f4e7a8ff855bbca49f91541a1fd0507764c2',1,3,NULL,'[]',0,'2021-12-13 16:42:38','2021-12-13 16:42:38','2022-12-13 19:42:38'),('fe9f5380075f99f4b60bcb1c096a606266bb3b2ea85f3ae34f91db27e6fd0c1d329f49787c49abdb',1,3,NULL,'[]',0,'2021-07-21 16:03:53','2021-07-21 16:03:53','2022-07-21 19:03:53'),('ff1887dd347f332f37a740791e4ec111ea344835b1560c09fe99b742a409e99ea04d91d3be24ca47',1,3,NULL,'[]',0,'2021-11-11 08:42:56','2021-11-11 08:42:56','2022-11-11 11:42:56'),('ff7d4a3f06381a4b85d6e22294cf50b4c77f0c305fa8d371f9ae2020ee2ac93afaeb5f3d3dfc2e6b',1,3,NULL,'[]',0,'2021-12-05 14:33:23','2021-12-05 14:33:23','2022-12-05 17:33:23');
/*!40000 ALTER TABLE `oauth_access_tokens` ENABLE KEYS */;
UNLOCK TABLES;

--
-- Table structure for table `oauth_auth_codes`
--

DROP TABLE IF EXISTS `oauth_auth_codes`;
/*!40101 SET @saved_cs_client     = @@character_set_client */;
/*!50503 SET character_set_client = utf8mb4 */;
CREATE TABLE `oauth_auth_codes` (
  `id` varchar(100) COLLATE utf8mb4_unicode_ci NOT NULL,
  `user_id` bigint unsigned NOT NULL,
  `client_id` bigint unsigned NOT NULL,
  `scopes` text COLLATE utf8mb4_unicode_ci,
  `revoked` tinyint(1) NOT NULL,
  `expires_at` datetime DEFAULT NULL,
  PRIMARY KEY (`id`),
  KEY `oauth_auth_codes_user_id_index` (`user_id`)
) ENGINE=InnoDB DEFAULT CHARSET=utf8mb4 COLLATE=utf8mb4_unicode_ci;
/*!40101 SET character_set_client = @saved_cs_client */;

--
-- Dumping data for table `oauth_auth_codes`
--

LOCK TABLES `oauth_auth_codes` WRITE;
/*!40000 ALTER TABLE `oauth_auth_codes` DISABLE KEYS */;
/*!40000 ALTER TABLE `oauth_auth_codes` ENABLE KEYS */;
UNLOCK TABLES;

--
-- Table structure for table `oauth_clients`
--

DROP TABLE IF EXISTS `oauth_clients`;
/*!40101 SET @saved_cs_client     = @@character_set_client */;
/*!50503 SET character_set_client = utf8mb4 */;
CREATE TABLE `oauth_clients` (
  `id` bigint unsigned NOT NULL AUTO_INCREMENT,
  `user_id` bigint unsigned DEFAULT NULL,
  `name` varchar(191) COLLATE utf8mb4_unicode_ci NOT NULL,
  `secret` varchar(100) COLLATE utf8mb4_unicode_ci DEFAULT NULL,
  `provider` varchar(191) COLLATE utf8mb4_unicode_ci DEFAULT NULL,
  `redirect` text COLLATE utf8mb4_unicode_ci NOT NULL,
  `personal_access_client` tinyint(1) NOT NULL,
  `password_client` tinyint(1) NOT NULL,
  `revoked` tinyint(1) NOT NULL,
  `created_at` timestamp NULL DEFAULT NULL,
  `updated_at` timestamp NULL DEFAULT NULL,
  PRIMARY KEY (`id`),
  KEY `oauth_clients_user_id_index` (`user_id`)
) ENGINE=InnoDB AUTO_INCREMENT=5 DEFAULT CHARSET=utf8mb4 COLLATE=utf8mb4_unicode_ci;
/*!40101 SET character_set_client = @saved_cs_client */;

--
-- Dumping data for table `oauth_clients`
--

LOCK TABLES `oauth_clients` WRITE;
/*!40000 ALTER TABLE `oauth_clients` DISABLE KEYS */;
INSERT INTO `oauth_clients` VALUES (1,NULL,'Drive Personal Access Client','QioA4OBvWnIPVkVf4GETvBAfBel1TjfShxQ446hi',NULL,'http://localhost',1,0,0,'2020-11-23 15:33:44','2020-11-23 15:33:44'),(2,NULL,'Drive Password Grant Client','2OYs91efoegVANIQEECdbw7V0y0J5FcnSdJFeJc1','users','http://localhost',0,1,0,'2020-11-23 15:33:44','2020-11-23 15:33:44'),(3,NULL,'Drive Personal Access Client','HFtU7J9rEOKSFW5Xkp916nkK0WufrmQudK1kdoQj',NULL,'http://localhost',1,0,0,'2021-03-18 10:29:41','2021-03-18 10:29:41'),(4,NULL,'Drive Password Grant Client','W5pDclBAVHFEdCsGTiksi5ggAyv3nrqIOZ4BcJMQ','users','http://localhost',0,1,0,'2021-03-18 10:29:41','2021-03-18 10:29:41');
/*!40000 ALTER TABLE `oauth_clients` ENABLE KEYS */;
UNLOCK TABLES;

--
-- Table structure for table `oauth_personal_access_clients`
--

DROP TABLE IF EXISTS `oauth_personal_access_clients`;
/*!40101 SET @saved_cs_client     = @@character_set_client */;
/*!50503 SET character_set_client = utf8mb4 */;
CREATE TABLE `oauth_personal_access_clients` (
  `id` bigint unsigned NOT NULL AUTO_INCREMENT,
  `client_id` bigint unsigned NOT NULL,
  `created_at` timestamp NULL DEFAULT NULL,
  `updated_at` timestamp NULL DEFAULT NULL,
  PRIMARY KEY (`id`)
) ENGINE=InnoDB AUTO_INCREMENT=3 DEFAULT CHARSET=utf8mb4 COLLATE=utf8mb4_unicode_ci;
/*!40101 SET character_set_client = @saved_cs_client */;

--
-- Dumping data for table `oauth_personal_access_clients`
--

LOCK TABLES `oauth_personal_access_clients` WRITE;
/*!40000 ALTER TABLE `oauth_personal_access_clients` DISABLE KEYS */;
INSERT INTO `oauth_personal_access_clients` VALUES (1,1,'2020-11-23 15:33:44','2020-11-23 15:33:44'),(2,3,'2021-03-18 10:29:41','2021-03-18 10:29:41');
/*!40000 ALTER TABLE `oauth_personal_access_clients` ENABLE KEYS */;
UNLOCK TABLES;

--
-- Table structure for table `oauth_refresh_tokens`
--

DROP TABLE IF EXISTS `oauth_refresh_tokens`;
/*!40101 SET @saved_cs_client     = @@character_set_client */;
/*!50503 SET character_set_client = utf8mb4 */;
CREATE TABLE `oauth_refresh_tokens` (
  `id` varchar(100) COLLATE utf8mb4_unicode_ci NOT NULL,
  `access_token_id` varchar(100) COLLATE utf8mb4_unicode_ci NOT NULL,
  `revoked` tinyint(1) NOT NULL,
  `expires_at` datetime DEFAULT NULL,
  PRIMARY KEY (`id`),
  KEY `oauth_refresh_tokens_access_token_id_index` (`access_token_id`)
) ENGINE=InnoDB DEFAULT CHARSET=utf8mb4 COLLATE=utf8mb4_unicode_ci;
/*!40101 SET character_set_client = @saved_cs_client */;

--
-- Dumping data for table `oauth_refresh_tokens`
--

LOCK TABLES `oauth_refresh_tokens` WRITE;
/*!40000 ALTER TABLE `oauth_refresh_tokens` DISABLE KEYS */;
/*!40000 ALTER TABLE `oauth_refresh_tokens` ENABLE KEYS */;
UNLOCK TABLES;

--
-- Table structure for table `password_resets`
--

DROP TABLE IF EXISTS `password_resets`;
/*!40101 SET @saved_cs_client     = @@character_set_client */;
/*!50503 SET character_set_client = utf8mb4 */;
CREATE TABLE `password_resets` (
  `email` varchar(191) COLLATE utf8mb4_unicode_ci NOT NULL,
  `token` varchar(191) COLLATE utf8mb4_unicode_ci NOT NULL,
  `created_at` timestamp NULL DEFAULT NULL,
  KEY `password_resets_email_index` (`email`)
) ENGINE=InnoDB DEFAULT CHARSET=utf8mb4 COLLATE=utf8mb4_unicode_ci;
/*!40101 SET character_set_client = @saved_cs_client */;

--
-- Dumping data for table `password_resets`
--

LOCK TABLES `password_resets` WRITE;
/*!40000 ALTER TABLE `password_resets` DISABLE KEYS */;
/*!40000 ALTER TABLE `password_resets` ENABLE KEYS */;
UNLOCK TABLES;

--
-- Table structure for table `permission`
--

DROP TABLE IF EXISTS `permission`;
/*!40101 SET @saved_cs_client     = @@character_set_client */;
/*!50503 SET character_set_client = utf8mb4 */;
CREATE TABLE `permission` (
  `id` bigint unsigned NOT NULL AUTO_INCREMENT,
  `name` varchar(191) COLLATE utf8mb4_unicode_ci NOT NULL,
  `created_at` timestamp NULL DEFAULT NULL,
  `updated_at` timestamp NULL DEFAULT NULL,
  PRIMARY KEY (`id`)
) ENGINE=InnoDB DEFAULT CHARSET=utf8mb4 COLLATE=utf8mb4_unicode_ci;
/*!40101 SET character_set_client = @saved_cs_client */;

--
-- Dumping data for table `permission`
--

LOCK TABLES `permission` WRITE;
/*!40000 ALTER TABLE `permission` DISABLE KEYS */;
/*!40000 ALTER TABLE `permission` ENABLE KEYS */;
UNLOCK TABLES;

--
-- Table structure for table `permission_role`
--

DROP TABLE IF EXISTS `permission_role`;
/*!40101 SET @saved_cs_client     = @@character_set_client */;
/*!50503 SET character_set_client = utf8mb4 */;
CREATE TABLE `permission_role` (
  `role_id` bigint unsigned NOT NULL,
  `permission_id` bigint unsigned NOT NULL,
  KEY `permission_role_role_id_foreign` (`role_id`),
  KEY `permission_role_permission_id_foreign` (`permission_id`),
  CONSTRAINT `permission_role_permission_id_foreign` FOREIGN KEY (`permission_id`) REFERENCES `permission` (`id`) ON DELETE CASCADE,
  CONSTRAINT `permission_role_role_id_foreign` FOREIGN KEY (`role_id`) REFERENCES `role` (`id`) ON DELETE CASCADE
) ENGINE=InnoDB DEFAULT CHARSET=utf8mb4 COLLATE=utf8mb4_unicode_ci;
/*!40101 SET character_set_client = @saved_cs_client */;

--
-- Dumping data for table `permission_role`
--

LOCK TABLES `permission_role` WRITE;
/*!40000 ALTER TABLE `permission_role` DISABLE KEYS */;
/*!40000 ALTER TABLE `permission_role` ENABLE KEYS */;
UNLOCK TABLES;

--
-- Table structure for table `role`
--

DROP TABLE IF EXISTS `role`;
/*!40101 SET @saved_cs_client     = @@character_set_client */;
/*!50503 SET character_set_client = utf8mb4 */;
CREATE TABLE `role` (
  `id` bigint unsigned NOT NULL AUTO_INCREMENT,
  `name` varchar(191) COLLATE utf8mb4_unicode_ci NOT NULL,
  `created_at` timestamp NULL DEFAULT NULL,
  `updated_at` timestamp NULL DEFAULT NULL,
  PRIMARY KEY (`id`)
) ENGINE=InnoDB DEFAULT CHARSET=utf8mb4 COLLATE=utf8mb4_unicode_ci;
/*!40101 SET character_set_client = @saved_cs_client */;

--
-- Dumping data for table `role`
--

LOCK TABLES `role` WRITE;
/*!40000 ALTER TABLE `role` DISABLE KEYS */;
/*!40000 ALTER TABLE `role` ENABLE KEYS */;
UNLOCK TABLES;

--
-- Table structure for table `role_user`
--

DROP TABLE IF EXISTS `role_user`;
/*!40101 SET @saved_cs_client     = @@character_set_client */;
/*!50503 SET character_set_client = utf8mb4 */;
CREATE TABLE `role_user` (
  `user_id` bigint unsigned NOT NULL,
  `role_id` bigint unsigned NOT NULL,
  KEY `role_user_user_id_foreign` (`user_id`),
  KEY `role_user_role_id_foreign` (`role_id`),
  CONSTRAINT `role_user_role_id_foreign` FOREIGN KEY (`role_id`) REFERENCES `role` (`id`) ON DELETE CASCADE,
  CONSTRAINT `role_user_user_id_foreign` FOREIGN KEY (`user_id`) REFERENCES `user` (`id`) ON DELETE CASCADE
) ENGINE=InnoDB DEFAULT CHARSET=utf8mb4 COLLATE=utf8mb4_unicode_ci;
/*!40101 SET character_set_client = @saved_cs_client */;

--
-- Dumping data for table `role_user`
--

LOCK TABLES `role_user` WRITE;
/*!40000 ALTER TABLE `role_user` DISABLE KEYS */;
/*!40000 ALTER TABLE `role_user` ENABLE KEYS */;
UNLOCK TABLES;

--
-- Table structure for table `user`
--

DROP TABLE IF EXISTS `user`;
/*!40101 SET @saved_cs_client     = @@character_set_client */;
/*!50503 SET character_set_client = utf8mb4 */;
CREATE TABLE `user` (
  `id` bigint unsigned NOT NULL AUTO_INCREMENT,
  `name` varchar(191) COLLATE utf8mb4_unicode_ci NOT NULL,
  `email` varchar(191) COLLATE utf8mb4_unicode_ci NOT NULL,
  `email_verified_at` timestamp NULL DEFAULT NULL,
  `password` varchar(191) COLLATE utf8mb4_unicode_ci NOT NULL,
  `role` varchar(191) COLLATE utf8mb4_unicode_ci NOT NULL,
  `status` varchar(191) COLLATE utf8mb4_unicode_ci NOT NULL,
  `remember_token` varchar(100) COLLATE utf8mb4_unicode_ci DEFAULT NULL,
  `created_at` timestamp NULL DEFAULT NULL,
  `updated_at` timestamp NULL DEFAULT NULL,
  PRIMARY KEY (`id`),
  UNIQUE KEY `user_email_unique` (`email`)
) ENGINE=InnoDB AUTO_INCREMENT=2 DEFAULT CHARSET=utf8mb4 COLLATE=utf8mb4_unicode_ci;
/*!40101 SET character_set_client = @saved_cs_client */;

--
-- Dumping data for table `user`
--

LOCK TABLES `user` WRITE;
/*!40000 ALTER TABLE `user` DISABLE KEYS */;
INSERT INTO `user` VALUES (1,'','admin@admin.com',NULL,'$2y$10$qC9k7FLxb3yNOGREsRqfxeYsmQavDqKmFDnWpsy1kSBOoQMzKbggS','admin','active',NULL,NULL,'2021-04-26 16:00:08');
/*!40000 ALTER TABLE `user` ENABLE KEYS */;
UNLOCK TABLES;
/*!40103 SET TIME_ZONE=@OLD_TIME_ZONE */;

/*!40101 SET SQL_MODE=@OLD_SQL_MODE */;
/*!40014 SET FOREIGN_KEY_CHECKS=@OLD_FOREIGN_KEY_CHECKS */;
/*!40014 SET UNIQUE_CHECKS=@OLD_UNIQUE_CHECKS */;
/*!40101 SET CHARACTER_SET_CLIENT=@OLD_CHARACTER_SET_CLIENT */;
/*!40101 SET CHARACTER_SET_RESULTS=@OLD_CHARACTER_SET_RESULTS */;
/*!40101 SET COLLATION_CONNECTION=@OLD_COLLATION_CONNECTION */;
/*!40111 SET SQL_NOTES=@OLD_SQL_NOTES */;

-- Dump completed on 2022-01-25 17:53:14
